sku,collection,series,color,size,sub_variant,height_in,width_in,depth_in,top_type,base_only_price_usd,with_top_and_sink_price_usd,single_price_usd,product_overview,hardware_options,available_top_colors,optional_features,series_available_sizes,series_depth_in,dimensions_note,catalog_page,image_url,image_filename
CATALINA_NATURAL-OAK_30,Signature,Catalina,Natural Oak,"30""",,34,30,22,Quartz,1700,2300,,Solid Wood Legs and Dovetail Drawer Construction | Real Wood Reeded White Oak Doors with an HDF Frame | 3/4” Thick Quartz Countertop with a 3” Matching Backsplash | Soft Close Doors and Dovetail Drawers with German-Made Hettich Hardware,Black,Cashmere Quartz Top; Pure White Quartz Top,"Side Splash (3"" x 21-1/4""); 3-Hole Countertop (4"" or 8"" Spread)","30”, 36”, 48”, and 60”",22,,9,https://raw.githubusercontent.com/arzL2o/otto-home-goods-catalog-2025/main/images/Catalina_Natural_Oak_30_x_p09_x37.jpg,Catalina_Natural_Oak_30_x_p09_x37.jpg
CATALINA_NATURAL-OAK_36_OFF-CENTER-SINK-LEFT-SIDE,Signature,Catalina,Natural Oak,"36""",Off Center Sink Left Side,34,36,22,Quartz,1850,2500,,Solid Wood Legs and Dovetail Drawer Construction | Real Wood Reeded White Oak Doors with an HDF Frame | 3/4” Thick Quartz Countertop with a 3” Matching Backsplash | Soft Close Doors and Dovetail Drawers with German-Made Hettich Hardware,Black,Cashmere Quartz Top; Pure White Quartz Top,"Side Splash (3"" x 21-1/4""); 3-Hole Countertop (4"" or 8"" Spread)","30”, 36”, 48”, and 60”",22,,9,https://raw.githubusercontent.com/arzL2o/otto-home-goods-catalog-2025/main/images/Catalina_Natural_Oak_36_Off_Center_Sink_Left_Side_p09_x39.jpg,Catalina_Natural_Oak_36_Off_Center_Sink_Left_Side_p09_x39.jpg
CATALINA_NATURAL-OAK_48,Signature,Catalina,Natural Oak,"48""",,34,48,22,Quartz,2550,3400,,Solid Wood Legs and Dovetail Drawer Construction | Real Wood Reeded White Oak Doors with an HDF Frame | 3/4” Thick Quartz Countertop with a 3” Matching Backsplash | Soft Close Doors and Dovetail Drawers with German-Made Hettich Hardware,Black,Cashmere Quartz Top; Pure White Quartz Top,"Side Splash (3"" x 21-1/4""); 3-Hole Countertop (4"" or 8"" Spread)","30”, 36”, 48”, and 60”",22,,9,https://raw.githubusercontent.com/arzL2o/otto-home-goods-catalog-2025/main/images/Catalina_Natural_Oak_48_x_p09_x41.jpg,Catalina_Natural_Oak_48_x_p09_x41.jpg
CATALINA_NATURAL-OAK_60_DOUBLE-BOWLS,Signature,Catalina,Natural Oak,"60""",Double Bowls,34,60,22,Quartz,2750,4000,,Solid Wood Legs and Dovetail Drawer Construction | Real Wood Reeded White Oak Doors with an HDF Frame | 3/4” Thick Quartz Countertop with a 3” Matching Backsplash | Soft Close Doors and Dovetail Drawers with German-Made Hettich Hardware,Black,Cashmere Quartz Top; Pure White Quartz Top,"Side Splash (3"" x 21-1/4""); 3-Hole Countertop (4"" or 8"" Spread)","30”, 36”, 48”, and 60”",22,,9,https://raw.githubusercontent.com/arzL2o/otto-home-goods-catalog-2025/main/images/Catalina_Natural_Oak_60_Double_Bowls_p09_x43.jpg,Catalina_Natural_Oak_60_Double_Bowls_p09_x43.jpg
CATALINA_WALNUT_30,Signature,Catalina,Walnut,"30""",,34,30,22,Quartz,1700,2300,,Solid Wood Legs and Dovetail Drawer Construction | Real Wood Reeded Walnut Doors with an HDF Frame | 3/4” Thick Quartz Countertop with a 3” Matching Backsplash | Soft Close Doors and Dovetail Drawers with German-Made Hettich Hardware,Black,Cashmere Quartz Top; Pure White Quartz Top,"Side Splash (3"" x 21-1/4""); 3-Hole Countertop (4"" or 8"" Spread)","30”, 36”, 48”, and 60”",22,,11,https://raw.githubusercontent.com/arzL2o/otto-home-goods-catalog-2025/main/images/Catalina_Walnut_30_x_p11_x51.jpg,Catalina_Walnut_30_x_p11_x51.jpg
CATALINA_WALNUT_36_OFF-CENTER-SINK-LEFT-SIDE,Signature,Catalina,Walnut,"36""",Off Center Sink Left Side,34,36,22,Quartz,1850,2500,,Solid Wood Legs and Dovetail Drawer Construction | Real Wood Reeded Walnut Doors with an HDF Frame | 3/4” Thick Quartz Countertop with a 3” Matching Backsplash | Soft Close Doors and Dovetail Drawers with German-Made Hettich Hardware,Black,Cashmere Quartz Top; Pure White Quartz Top,"Side Splash (3"" x 21-1/4""); 3-Hole Countertop (4"" or 8"" Spread)","30”, 36”, 48”, and 60”",22,,11,https://raw.githubusercontent.com/arzL2o/otto-home-goods-catalog-2025/main/images/Catalina_Walnut_36_Off_Center_Sink_Left_Side_p11_x53.jpg,Catalina_Walnut_36_Off_Center_Sink_Left_Side_p11_x53.jpg
CATALINA_WALNUT_48,Signature,Catalina,Walnut,"48""",,34,48,22,Quartz,2550,3400,,Solid Wood Legs and Dovetail Drawer Construction | Real Wood Reeded Walnut Doors with an HDF Frame | 3/4” Thick Quartz Countertop with a 3” Matching Backsplash | Soft Close Doors and Dovetail Drawers with German-Made Hettich Hardware,Black,Cashmere Quartz Top; Pure White Quartz Top,"Side Splash (3"" x 21-1/4""); 3-Hole Countertop (4"" or 8"" Spread)","30”, 36”, 48”, and 60”",22,,11,https://raw.githubusercontent.com/arzL2o/otto-home-goods-catalog-2025/main/images/Catalina_Walnut_48_x_p11_x55.jpg,Catalina_Walnut_48_x_p11_x55.jpg
CATALINA_WALNUT_60_DOUBLE-BOWLS,Signature,Catalina,Walnut,"60""",Double Bowls,34,60,22,Quartz,2750,4000,,Solid Wood Legs and Dovetail Drawer Construction | Real Wood Reeded Walnut Doors with an HDF Frame | 3/4” Thick Quartz Countertop with a 3” Matching Backsplash | Soft Close Doors and Dovetail Drawers with German-Made Hettich Hardware,Black,Cashmere Quartz Top; Pure White Quartz Top,"Side Splash (3"" x 21-1/4""); 3-Hole Countertop (4"" or 8"" Spread)","30”, 36”, 48”, and 60”",22,,11,https://raw.githubusercontent.com/arzL2o/otto-home-goods-catalog-2025/main/images/Catalina_Walnut_60_Double_Bowls_p11_x57.jpg,Catalina_Walnut_60_Double_Bowls_p11_x57.jpg
PALOMA_WHITE_24,Signature,Paloma,White,"24""",,34,24,22,Quartz,1100,1550,,Solid Wood Legs and Dovetail Drawer Construction | HDF Doors and Frame to Minimize Paint Cracks | 3/4” Thick Quartz Countertop with a 3” Matching Backsplash | Soft Close Doors and Dovetail Drawers with German-Made Hettich Hardware,,Cashmere Quartz Top; Pure White Quartz Top,"Side Splash (3"" x 21-1/4""); 3-Hole Countertop (4"" or 8"" Spread)","24”, 30”, 36”, 42, 48, 60”, and 72”",22,,14,https://raw.githubusercontent.com/arzL2o/otto-home-goods-catalog-2025/main/images/Paloma_White_24_x_p14_x90.jpg,Paloma_White_24_x_p14_x90.jpg
PALOMA_WHITE_30,Signature,Paloma,White,"30""",,34,30,22,Quartz,1400,2000,,Solid Wood Legs and Dovetail Drawer Construction | HDF Doors and Frame to Minimize Paint Cracks | 3/4” Thick Quartz Countertop with a 3” Matching Backsplash | Soft Close Doors and Dovetail Drawers with German-Made Hettich Hardware,,Cashmere Quartz Top; Pure White Quartz Top,"Side Splash (3"" x 21-1/4""); 3-Hole Countertop (4"" or 8"" Spread)","24”, 30”, 36”, 42, 48, 60”, and 72”",22,,14,https://raw.githubusercontent.com/arzL2o/otto-home-goods-catalog-2025/main/images/Paloma_White_30_x_p14_x88.jpg,Paloma_White_30_x_p14_x88.jpg
PALOMA_WHITE_36_OFF-CENTER-SINK-LEFT-SIDE,Signature,Paloma,White,"36""",Off Center Sink Left Side,34,36,22,Quartz,1550,2200,,Solid Wood Legs and Dovetail Drawer Construction | HDF Doors and Frame to Minimize Paint Cracks | 3/4” Thick Quartz Countertop with a 3” Matching Backsplash | Soft Close Doors and Dovetail Drawers with German-Made Hettich Hardware,,Cashmere Quartz Top; Pure White Quartz Top,"Side Splash (3"" x 21-1/4""); 3-Hole Countertop (4"" or 8"" Spread)","24”, 30”, 36”, 42, 48, 60”, and 72”",22,,14,https://raw.githubusercontent.com/arzL2o/otto-home-goods-catalog-2025/main/images/Paloma_White_36_Off_Center_Sink_Left_Side_p14_x883.jpg,Paloma_White_36_Off_Center_Sink_Left_Side_p14_x883.jpg
PALOMA_WHITE_42,Signature,Paloma,White,"42""",,34,42,22,Quartz,2000,2750,,Solid Wood Legs and Dovetail Drawer Construction | HDF Doors and Frame to Minimize Paint Cracks | 3/4” Thick Quartz Countertop with a 3” Matching Backsplash | Soft Close Doors and Dovetail Drawers with German-Made Hettich Hardware,,Cashmere Quartz Top; Pure White Quartz Top,"Side Splash (3"" x 21-1/4""); 3-Hole Countertop (4"" or 8"" Spread)","24”, 30”, 36”, 42, 48, 60”, and 72”",22,,14,https://raw.githubusercontent.com/arzL2o/otto-home-goods-catalog-2025/main/images/Paloma_White_42_x_p14_x86.jpg,Paloma_White_42_x_p14_x86.jpg
PALOMA_WHITE_48,Signature,Paloma,White,"48""",,34,48,22,Quartz,2100,2950,,Solid Wood Legs and Dovetail Drawer Construction | HDF Doors and Frame to Minimize Paint Cracks | 3/4” Thick Quartz Countertop with a 3” Matching Backsplash | Soft Close Doors and Dovetail Drawers with German-Made Hettich Hardware,,Cashmere Quartz Top; Pure White Quartz Top,"Side Splash (3"" x 21-1/4""); 3-Hole Countertop (4"" or 8"" Spread)","24”, 30”, 36”, 42, 48, 60”, and 72”",22,,15,https://raw.githubusercontent.com/arzL2o/otto-home-goods-catalog-2025/main/images/Paloma_White_48_x_p15_x99.jpg,Paloma_White_48_x_p15_x99.jpg
PALOMA_WHITE_60_DOUBLE-BOWL,Signature,Paloma,White,"60""",Double Bowl,34,60,22,Quartz,2300,3550,,Solid Wood Legs and Dovetail Drawer Construction | HDF Doors and Frame to Minimize Paint Cracks | 3/4” Thick Quartz Countertop with a 3” Matching Backsplash | Soft Close Doors and Dovetail Drawers with German-Made Hettich Hardware,,Cashmere Quartz Top; Pure White Quartz Top,"Side Splash (3"" x 21-1/4""); 3-Hole Countertop (4"" or 8"" Spread)","24”, 30”, 36”, 42, 48, 60”, and 72”",22,,15,https://raw.githubusercontent.com/arzL2o/otto-home-goods-catalog-2025/main/images/Paloma_White_60_Double_Bowl_p15_x97.jpg,Paloma_White_60_Double_Bowl_p15_x97.jpg
PALOMA_WHITE_72,Signature,Paloma,White,"72""",,34,72,22,Quartz,2450,3800,,Solid Wood Legs and Dovetail Drawer Construction | HDF Doors and Frame to Minimize Paint Cracks | 3/4” Thick Quartz Countertop with a 3” Matching Backsplash | Soft Close Doors and Dovetail Drawers with German-Made Hettich Hardware,,Cashmere Quartz Top; Pure White Quartz Top,"Side Splash (3"" x 21-1/4""); 3-Hole Countertop (4"" or 8"" Spread)","24”, 30”, 36”, 42, 48, 60”, and 72”",22,,15,https://raw.githubusercontent.com/arzL2o/otto-home-goods-catalog-2025/main/images/Paloma_White_72_x_p15_x95.jpg,Paloma_White_72_x_p15_x95.jpg
PALOMA_DARK-GRAY_24,Signature,Paloma,Dark Gray,"24""",,34,24,22,Quartz,1100,1550,,Solid Wood Legs and Dovetail Drawer Construction | HDF Doors and Frame to Minimize Paint Cracks | 3/4” Thick Quartz Countertop with a 3” Matching Backsplash | Soft Close Doors and Dovetail Drawers with German-Made Hettich Hardware,,Cashmere Quartz Top; Pure White Quartz Top,"Side Splash (3"" x 21-1/4""); 3-Hole Countertop (4"" or 8"" Spread)","24”, 30”, 36”, 42, 48, 60”, and 72”",22,,16,https://raw.githubusercontent.com/arzL2o/otto-home-goods-catalog-2025/main/images/Paloma_Dark_Gray_24_x_p16_x108.jpg,Paloma_Dark_Gray_24_x_p16_x108.jpg
PALOMA_DARK-GRAY_30,Signature,Paloma,Dark Gray,"30""",,34,30,22,Quartz,1400,2000,,Solid Wood Legs and Dovetail Drawer Construction | HDF Doors and Frame to Minimize Paint Cracks | 3/4” Thick Quartz Countertop with a 3” Matching Backsplash | Soft Close Doors and Dovetail Drawers with German-Made Hettich Hardware,,Cashmere Quartz Top; Pure White Quartz Top,"Side Splash (3"" x 21-1/4""); 3-Hole Countertop (4"" or 8"" Spread)","24”, 30”, 36”, 42, 48, 60”, and 72”",22,,16,https://raw.githubusercontent.com/arzL2o/otto-home-goods-catalog-2025/main/images/Paloma_Dark_Gray_30_x_p16_x106.jpg,Paloma_Dark_Gray_30_x_p16_x106.jpg
PALOMA_DARK-GRAY_36_OFF-CENTER-SINK-LEFT-SIDE,Signature,Paloma,Dark Gray,"36""",Off Center Sink Left Side,34,36,22,Quartz,1550,2200,,Solid Wood Legs and Dovetail Drawer Construction | HDF Doors and Frame to Minimize Paint Cracks | 3/4” Thick Quartz Countertop with a 3” Matching Backsplash | Soft Close Doors and Dovetail Drawers with German-Made Hettich Hardware,,Cashmere Quartz Top; Pure White Quartz Top,"Side Splash (3"" x 21-1/4""); 3-Hole Countertop (4"" or 8"" Spread)","24”, 30”, 36”, 42, 48, 60”, and 72”",22,,16,https://raw.githubusercontent.com/arzL2o/otto-home-goods-catalog-2025/main/images/Paloma_Dark_Gray_36_Off_Center_Sink_Left_Side_p16_x880.jpg,Paloma_Dark_Gray_36_Off_Center_Sink_Left_Side_p16_x880.jpg
PALOMA_DARK-GRAY_42,Signature,Paloma,Dark Gray,"42""",,34,42,22,Quartz,2000,2750,,Solid Wood Legs and Dovetail Drawer Construction | HDF Doors and Frame to Minimize Paint Cracks | 3/4” Thick Quartz Countertop with a 3” Matching Backsplash | Soft Close Doors and Dovetail Drawers with German-Made Hettich Hardware,,Cashmere Quartz Top; Pure White Quartz Top,"Side Splash (3"" x 21-1/4""); 3-Hole Countertop (4"" or 8"" Spread)","24”, 30”, 36”, 42, 48, 60”, and 72”",22,,16,https://raw.githubusercontent.com/arzL2o/otto-home-goods-catalog-2025/main/images/Paloma_Dark_Gray_42_x_p16_x104.jpg,Paloma_Dark_Gray_42_x_p16_x104.jpg
PALOMA_DARK-GRAY_48,Signature,Paloma,Dark Gray,"48""",,34,48,22,Quartz,2100,2950,,Solid Wood Legs and Dovetail Drawer Construction | HDF Doors and Frame to Minimize Paint Cracks | 3/4” Thick Quartz Countertop with a 3” Matching Backsplash | Soft Close Doors and Dovetail Drawers with German-Made Hettich Hardware,,Cashmere Quartz Top; Pure White Quartz Top,"Side Splash (3"" x 21-1/4""); 3-Hole Countertop (4"" or 8"" Spread)","24”, 30”, 36”, 42, 48, 60”, and 72”",22,,17,https://raw.githubusercontent.com/arzL2o/otto-home-goods-catalog-2025/main/images/Paloma_Dark_Gray_48_x_p17_x117.jpg,Paloma_Dark_Gray_48_x_p17_x117.jpg
PALOMA_DARK-GRAY_60_DOUBLE-BOWL,Signature,Paloma,Dark Gray,"60""",Double Bowl,34,60,22,Quartz,2300,3550,,Solid Wood Legs and Dovetail Drawer Construction | HDF Doors and Frame to Minimize Paint Cracks | 3/4” Thick Quartz Countertop with a 3” Matching Backsplash | Soft Close Doors and Dovetail Drawers with German-Made Hettich Hardware,,Cashmere Quartz Top; Pure White Quartz Top,"Side Splash (3"" x 21-1/4""); 3-Hole Countertop (4"" or 8"" Spread)","24”, 30”, 36”, 42, 48, 60”, and 72”",22,,17,https://raw.githubusercontent.com/arzL2o/otto-home-goods-catalog-2025/main/images/Paloma_Dark_Gray_60_Double_Bowl_p17_x115.jpg,Paloma_Dark_Gray_60_Double_Bowl_p17_x115.jpg
PALOMA_DARK-GRAY_72,Signature,Paloma,Dark Gray,"72""",,34,72,22,Quartz,2450,3800,,Solid Wood Legs and Dovetail Drawer Construction | HDF Doors and Frame to Minimize Paint Cracks | 3/4” Thick Quartz Countertop with a 3” Matching Backsplash | Soft Close Doors and Dovetail Drawers with German-Made Hettich Hardware,,Cashmere Quartz Top; Pure White Quartz Top,"Side Splash (3"" x 21-1/4""); 3-Hole Countertop (4"" or 8"" Spread)","24”, 30”, 36”, 42, 48, 60”, and 72”",22,,17,https://raw.githubusercontent.com/arzL2o/otto-home-goods-catalog-2025/main/images/Paloma_Dark_Gray_72_x_p17_x113.jpg,Paloma_Dark_Gray_72_x_p17_x113.jpg
ASHLEY_NAVY-BLUE_30,Signature,Ashley,Navy Blue,"30""",,34,30,22,Quartz,1550,2150,,Solid Wood Legs and Dovetail Drawer Construction | HDF Doors and Frame to Minimize Paint Cracks (Blue & White) | Real Wood Veneer Doors with an HDF Frame (Natural Oak) | 3/4” Thick Quartz Countertop with a 3” Matching Backsplash | Soft Close Doors and Dovetail Drawers with German-Made Hettich Hardware,,Cashmere Quartz Top; Pure White Quartz Top,"Side Splash (3"" x 21-1/4""); 3-Hole Countertop (4"" or 8"" Spread)","30”, 36”, 42, 48”, 60” Single Bowl, 60” Double Bowls, and 72”",22,,20,https://raw.githubusercontent.com/arzL2o/otto-home-goods-catalog-2025/main/images/Ashley_Navy_Blue_30_x_p20_x150.jpg,Ashley_Navy_Blue_30_x_p20_x150.jpg
ASHLEY_NAVY-BLUE_36_OFF-CENTER-SINK-LEFT-SIDE,Signature,Ashley,Navy Blue,"36""",Off Center Sink Left Side,34,36,22,Quartz,1700,2350,,Solid Wood Legs and Dovetail Drawer Construction | HDF Doors and Frame to Minimize Paint Cracks (Blue & White) | Real Wood Veneer Doors with an HDF Frame (Natural Oak) | 3/4” Thick Quartz Countertop with a 3” Matching Backsplash | Soft Close Doors and Dovetail Drawers with German-Made Hettich Hardware,,Cashmere Quartz Top; Pure White Quartz Top,"Side Splash (3"" x 21-1/4""); 3-Hole Countertop (4"" or 8"" Spread)","30”, 36”, 42, 48”, 60” Single Bowl, 60” Double Bowls, and 72”",22,,20,https://raw.githubusercontent.com/arzL2o/otto-home-goods-catalog-2025/main/images/Ashley_Navy_Blue_36_Off_Center_Sink_Left_Side_p20_x148.jpg,Ashley_Navy_Blue_36_Off_Center_Sink_Left_Side_p20_x148.jpg
ASHLEY_NAVY-BLUE_42,Signature,Ashley,Navy Blue,"42""",,34,42,22,Quartz,2150,2900,,Solid Wood Legs and Dovetail Drawer Construction | HDF Doors and Frame to Minimize Paint Cracks (Blue & White) | Real Wood Veneer Doors with an HDF Frame (Natural Oak) | 3/4” Thick Quartz Countertop with a 3” Matching Backsplash | Soft Close Doors and Dovetail Drawers with German-Made Hettich Hardware,,Cashmere Quartz Top; Pure White Quartz Top,"Side Splash (3"" x 21-1/4""); 3-Hole Countertop (4"" or 8"" Spread)","30”, 36”, 42, 48”, 60” Single Bowl, 60” Double Bowls, and 72”",22,,20,https://raw.githubusercontent.com/arzL2o/otto-home-goods-catalog-2025/main/images/Ashley_Navy_Blue_42_x_p20_x146.jpg,Ashley_Navy_Blue_42_x_p20_x146.jpg
ASHLEY_NAVY-BLUE_48,Signature,Ashley,Navy Blue,"48""",,34,48,22,Quartz,2250,3100,,Solid Wood Legs and Dovetail Drawer Construction | HDF Doors and Frame to Minimize Paint Cracks (Blue & White) | Real Wood Veneer Doors with an HDF Frame (Natural Oak) | 3/4” Thick Quartz Countertop with a 3” Matching Backsplash | Soft Close Doors and Dovetail Drawers with German-Made Hettich Hardware,,Cashmere Quartz Top; Pure White Quartz Top,"Side Splash (3"" x 21-1/4""); 3-Hole Countertop (4"" or 8"" Spread)","30”, 36”, 42, 48”, 60” Single Bowl, 60” Double Bowls, and 72”",22,,20,https://raw.githubusercontent.com/arzL2o/otto-home-goods-catalog-2025/main/images/Ashley_Navy_Blue_48_x_p20_x144.jpg,Ashley_Navy_Blue_48_x_p20_x144.jpg
ASHLEY_NAVY-BLUE_60_DOUBLE-BOWLS,Signature,Ashley,Navy Blue,"60""",Double Bowls,34,60,22,Quartz,2400,3650,,Solid Wood Legs and Dovetail Drawer Construction | HDF Doors and Frame to Minimize Paint Cracks (Blue & White) | Real Wood Veneer Doors with an HDF Frame (Natural Oak) | 3/4” Thick Quartz Countertop with a 3” Matching Backsplash | Soft Close Doors and Dovetail Drawers with German-Made Hettich Hardware,,Cashmere Quartz Top; Pure White Quartz Top,"Side Splash (3"" x 21-1/4""); 3-Hole Countertop (4"" or 8"" Spread)","30”, 36”, 42, 48”, 60” Single Bowl, 60” Double Bowls, and 72”",22,,21,https://raw.githubusercontent.com/arzL2o/otto-home-goods-catalog-2025/main/images/Ashley_Navy_Blue_60_Double_Bowls_p21_x155.jpg,Ashley_Navy_Blue_60_Double_Bowls_p21_x155.jpg
ASHLEY_NAVY-BLUE_60_SINGLE-BOWL,Signature,Ashley,Navy Blue,"60""",Single Bowl,34,60,22,Quartz,2400,3650,,Solid Wood Legs and Dovetail Drawer Construction | HDF Doors and Frame to Minimize Paint Cracks (Blue & White) | Real Wood Veneer Doors with an HDF Frame (Natural Oak) | 3/4” Thick Quartz Countertop with a 3” Matching Backsplash | Soft Close Doors and Dovetail Drawers with German-Made Hettich Hardware,,Cashmere Quartz Top; Pure White Quartz Top,"Side Splash (3"" x 21-1/4""); 3-Hole Countertop (4"" or 8"" Spread)","30”, 36”, 42, 48”, 60” Single Bowl, 60” Double Bowls, and 72”",22,,21,https://raw.githubusercontent.com/arzL2o/otto-home-goods-catalog-2025/main/images/Ashley_Navy_Blue_60_Single_Bowl_p21_x159.jpg,Ashley_Navy_Blue_60_Single_Bowl_p21_x159.jpg
ASHLEY_NAVY-BLUE_72,Signature,Ashley,Navy Blue,"72""",,34,72,22,Quartz,2650,4000,,Solid Wood Legs and Dovetail Drawer Construction | HDF Doors and Frame to Minimize Paint Cracks (Blue & White) | Real Wood Veneer Doors with an HDF Frame (Natural Oak) | 3/4” Thick Quartz Countertop with a 3” Matching Backsplash | Soft Close Doors and Dovetail Drawers with German-Made Hettich Hardware,,Cashmere Quartz Top; Pure White Quartz Top,"Side Splash (3"" x 21-1/4""); 3-Hole Countertop (4"" or 8"" Spread)","30”, 36”, 42, 48”, 60” Single Bowl, 60” Double Bowls, and 72”",22,,21,https://raw.githubusercontent.com/arzL2o/otto-home-goods-catalog-2025/main/images/Ashley_Navy_Blue_72_x_p21_x157.jpg,Ashley_Navy_Blue_72_x_p21_x157.jpg
ASHLEY_NATURAL-OAK_30,Signature,Ashley,Natural Oak,"30""",,34,30,22,Quartz,1650,2250,,Solid Wood Legs and Dovetail Drawer Construction | HDF Doors and Frame to Minimize Paint Cracks (Blue & White) | Real Wood Veneer Doors with an HDF Frame (Natural Oak) | 3/4” Thick Quartz Countertop with a 3” Matching Backsplash | Soft Close Doors and Dovetail Drawers with German-Made Hettich Hardware,,Cashmere Quartz Top; Pure White Quartz Top,"Side Splash (3"" x 21-1/4""); 3-Hole Countertop (4"" or 8"" Spread)","30”, 36”, 42, 48”, 60” Single Bowl, 60” Double Bowls, and 72”",22,,22,https://raw.githubusercontent.com/arzL2o/otto-home-goods-catalog-2025/main/images/Ashley_Natural_Oak_30_x_p22_x170.jpg,Ashley_Natural_Oak_30_x_p22_x170.jpg
ASHLEY_NATURAL-OAK_36_OFF-CENTER-SINK-LEFT-SIDE,Signature,Ashley,Natural Oak,"36""",Off Center Sink Left Side,34,36,22,Quartz,1800,2450,,Solid Wood Legs and Dovetail Drawer Construction | HDF Doors and Frame to Minimize Paint Cracks (Blue & White) | Real Wood Veneer Doors with an HDF Frame (Natural Oak) | 3/4” Thick Quartz Countertop with a 3” Matching Backsplash | Soft Close Doors and Dovetail Drawers with German-Made Hettich Hardware,,Cashmere Quartz Top; Pure White Quartz Top,"Side Splash (3"" x 21-1/4""); 3-Hole Countertop (4"" or 8"" Spread)","30”, 36”, 42, 48”, 60” Single Bowl, 60” Double Bowls, and 72”",22,,22,https://raw.githubusercontent.com/arzL2o/otto-home-goods-catalog-2025/main/images/Ashley_Natural_Oak_36_Off_Center_Sink_Left_Side_p22_x168.jpg,Ashley_Natural_Oak_36_Off_Center_Sink_Left_Side_p22_x168.jpg
ASHLEY_NATURAL-OAK_42,Signature,Ashley,Natural Oak,"42""",,34,42,22,Quartz,2300,3050,,Solid Wood Legs and Dovetail Drawer Construction | HDF Doors and Frame to Minimize Paint Cracks (Blue & White) | Real Wood Veneer Doors with an HDF Frame (Natural Oak) | 3/4” Thick Quartz Countertop with a 3” Matching Backsplash | Soft Close Doors and Dovetail Drawers with German-Made Hettich Hardware,,Cashmere Quartz Top; Pure White Quartz Top,"Side Splash (3"" x 21-1/4""); 3-Hole Countertop (4"" or 8"" Spread)","30”, 36”, 42, 48”, 60” Single Bowl, 60” Double Bowls, and 72”",22,,22,https://raw.githubusercontent.com/arzL2o/otto-home-goods-catalog-2025/main/images/Ashley_Natural_Oak_42_x_p22_x166.jpg,Ashley_Natural_Oak_42_x_p22_x166.jpg
ASHLEY_NATURAL-OAK_48,Signature,Ashley,Natural Oak,"48""",,34,48,22,Quartz,2500,3350,,Solid Wood Legs and Dovetail Drawer Construction | HDF Doors and Frame to Minimize Paint Cracks (Blue & White) | Real Wood Veneer Doors with an HDF Frame (Natural Oak) | 3/4” Thick Quartz Countertop with a 3” Matching Backsplash | Soft Close Doors and Dovetail Drawers with German-Made Hettich Hardware,,Cashmere Quartz Top; Pure White Quartz Top,"Side Splash (3"" x 21-1/4""); 3-Hole Countertop (4"" or 8"" Spread)","30”, 36”, 42, 48”, 60” Single Bowl, 60” Double Bowls, and 72”",22,,22,https://raw.githubusercontent.com/arzL2o/otto-home-goods-catalog-2025/main/images/Ashley_Natural_Oak_48_x_p22_x164.jpg,Ashley_Natural_Oak_48_x_p22_x164.jpg
ASHLEY_NATURAL-OAK_60_DOUBLE-BOWLS,Signature,Ashley,Natural Oak,"60""",Double Bowls,34,60,22,Quartz,2700,3950,,Solid Wood Legs and Dovetail Drawer Construction | HDF Doors and Frame to Minimize Paint Cracks (Blue & White) | Real Wood Veneer Doors with an HDF Frame (Natural Oak) | 3/4” Thick Quartz Countertop with a 3” Matching Backsplash | Soft Close Doors and Dovetail Drawers with German-Made Hettich Hardware,,Cashmere Quartz Top; Pure White Quartz Top,"Side Splash (3"" x 21-1/4""); 3-Hole Countertop (4"" or 8"" Spread)","30”, 36”, 42, 48”, 60” Single Bowl, 60” Double Bowls, and 72”",22,,23,https://raw.githubusercontent.com/arzL2o/otto-home-goods-catalog-2025/main/images/Ashley_Natural_Oak_60_Double_Bowls_p23_x175.jpg,Ashley_Natural_Oak_60_Double_Bowls_p23_x175.jpg
ASHLEY_NATURAL-OAK_60_SINGLE-BOWL,Signature,Ashley,Natural Oak,"60""",Single Bowl,34,60,22,Quartz,2700,3950,,Solid Wood Legs and Dovetail Drawer Construction | HDF Doors and Frame to Minimize Paint Cracks (Blue & White) | Real Wood Veneer Doors with an HDF Frame (Natural Oak) | 3/4” Thick Quartz Countertop with a 3” Matching Backsplash | Soft Close Doors and Dovetail Drawers with German-Made Hettich Hardware,,Cashmere Quartz Top; Pure White Quartz Top,"Side Splash (3"" x 21-1/4""); 3-Hole Countertop (4"" or 8"" Spread)","30”, 36”, 42, 48”, 60” Single Bowl, 60” Double Bowls, and 72”",22,,23,https://raw.githubusercontent.com/arzL2o/otto-home-goods-catalog-2025/main/images/Ashley_Natural_Oak_60_Single_Bowl_p23_x179.jpg,Ashley_Natural_Oak_60_Single_Bowl_p23_x179.jpg
ASHLEY_NATURAL-OAK_72,Signature,Ashley,Natural Oak,"72""",,34,72,22,Quartz,2900,4300,,Solid Wood Legs and Dovetail Drawer Construction | HDF Doors and Frame to Minimize Paint Cracks (Blue & White) | Real Wood Veneer Doors with an HDF Frame (Natural Oak) | 3/4” Thick Quartz Countertop with a 3” Matching Backsplash | Soft Close Doors and Dovetail Drawers with German-Made Hettich Hardware,,Cashmere Quartz Top; Pure White Quartz Top,"Side Splash (3"" x 21-1/4""); 3-Hole Countertop (4"" or 8"" Spread)","30”, 36”, 42, 48”, 60” Single Bowl, 60” Double Bowls, and 72”",22,,23,https://raw.githubusercontent.com/arzL2o/otto-home-goods-catalog-2025/main/images/Ashley_Natural_Oak_72_x_p23_x177.jpg,Ashley_Natural_Oak_72_x_p23_x177.jpg
ASHLEY_WHITE_30,Signature,Ashley,White,"30""",,34,30,22,Quartz,1550,2150,,Solid Wood Legs and Dovetail Drawer Construction | HDF Doors and Frame to Minimize Paint Cracks (Blue & White) | Real Wood Veneer Doors with an HDF Frame (Natural Oak) | 3/4” Thick Quartz Countertop with a 3” Matching Backsplash | Soft Close Doors and Dovetail Drawers with German-Made Hettich Hardware,,Cashmere Quartz Top; Pure White Quartz Top,"Side Splash (3"" x 21-1/4""); 3-Hole Countertop (4"" or 8"" Spread)","30”, 36”, 42, 48”, 60” Single Bowl, 60” Double Bowls, and 72”",22,,24,https://raw.githubusercontent.com/arzL2o/otto-home-goods-catalog-2025/main/images/Ashley_White_30_x_p24_x190.jpg,Ashley_White_30_x_p24_x190.jpg
ASHLEY_WHITE_36_OFF-CENTER-SINK-LEFT-SIDE,Signature,Ashley,White,"36""",Off Center Sink Left Side,34,36,22,Quartz,1700,2350,,Solid Wood Legs and Dovetail Drawer Construction | HDF Doors and Frame to Minimize Paint Cracks (Blue & White) | Real Wood Veneer Doors with an HDF Frame (Natural Oak) | 3/4” Thick Quartz Countertop with a 3” Matching Backsplash | Soft Close Doors and Dovetail Drawers with German-Made Hettich Hardware,,Cashmere Quartz Top; Pure White Quartz Top,"Side Splash (3"" x 21-1/4""); 3-Hole Countertop (4"" or 8"" Spread)","30”, 36”, 42, 48”, 60” Single Bowl, 60” Double Bowls, and 72”",22,,24,https://raw.githubusercontent.com/arzL2o/otto-home-goods-catalog-2025/main/images/Ashley_White_36_Off_Center_Sink_Left_Side_p24_x188.jpg,Ashley_White_36_Off_Center_Sink_Left_Side_p24_x188.jpg
ASHLEY_WHITE_42,Signature,Ashley,White,"42""",,34,42,22,Quartz,2150,2900,,Solid Wood Legs and Dovetail Drawer Construction | HDF Doors and Frame to Minimize Paint Cracks (Blue & White) | Real Wood Veneer Doors with an HDF Frame (Natural Oak) | 3/4” Thick Quartz Countertop with a 3” Matching Backsplash | Soft Close Doors and Dovetail Drawers with German-Made Hettich Hardware,,Cashmere Quartz Top; Pure White Quartz Top,"Side Splash (3"" x 21-1/4""); 3-Hole Countertop (4"" or 8"" Spread)","30”, 36”, 42, 48”, 60” Single Bowl, 60” Double Bowls, and 72”",22,,24,https://raw.githubusercontent.com/arzL2o/otto-home-goods-catalog-2025/main/images/Ashley_White_42_x_p24_x186.jpg,Ashley_White_42_x_p24_x186.jpg
ASHLEY_WHITE_48,Signature,Ashley,White,"48""",,34,48,22,Quartz,2250,3100,,Solid Wood Legs and Dovetail Drawer Construction | HDF Doors and Frame to Minimize Paint Cracks (Blue & White) | Real Wood Veneer Doors with an HDF Frame (Natural Oak) | 3/4” Thick Quartz Countertop with a 3” Matching Backsplash | Soft Close Doors and Dovetail Drawers with German-Made Hettich Hardware,,Cashmere Quartz Top; Pure White Quartz Top,"Side Splash (3"" x 21-1/4""); 3-Hole Countertop (4"" or 8"" Spread)","30”, 36”, 42, 48”, 60” Single Bowl, 60” Double Bowls, and 72”",22,,24,https://raw.githubusercontent.com/arzL2o/otto-home-goods-catalog-2025/main/images/Ashley_White_48_x_p24_x184.jpg,Ashley_White_48_x_p24_x184.jpg
ASHLEY_WHITE_60_DOUBLE-BOWLS,Signature,Ashley,White,"60""",Double Bowls,34,60,22,Quartz,2400,3650,,Solid Wood Legs and Dovetail Drawer Construction | HDF Doors and Frame to Minimize Paint Cracks (Blue & White) | Real Wood Veneer Doors with an HDF Frame (Natural Oak) | 3/4” Thick Quartz Countertop with a 3” Matching Backsplash | Soft Close Doors and Dovetail Drawers with German-Made Hettich Hardware,,Cashmere Quartz Top; Pure White Quartz Top,"Side Splash (3"" x 21-1/4""); 3-Hole Countertop (4"" or 8"" Spread)","30”, 36”, 42, 48”, 60” Single Bowl, 60” Double Bowls, and 72”",22,,25,https://raw.githubusercontent.com/arzL2o/otto-home-goods-catalog-2025/main/images/Ashley_White_60_Double_Bowls_p25_x199.jpg,Ashley_White_60_Double_Bowls_p25_x199.jpg
ASHLEY_WHITE_60_SINGLE-BOWL,Signature,Ashley,White,"60""",Single Bowl,34,60,22,Quartz,2400,3650,,Solid Wood Legs and Dovetail Drawer Construction | HDF Doors and Frame to Minimize Paint Cracks (Blue & White) | Real Wood Veneer Doors with an HDF Frame (Natural Oak) | 3/4” Thick Quartz Countertop with a 3” Matching Backsplash | Soft Close Doors and Dovetail Drawers with German-Made Hettich Hardware,,Cashmere Quartz Top; Pure White Quartz Top,"Side Splash (3"" x 21-1/4""); 3-Hole Countertop (4"" or 8"" Spread)","30”, 36”, 42, 48”, 60” Single Bowl, 60” Double Bowls, and 72”",22,,25,https://raw.githubusercontent.com/arzL2o/otto-home-goods-catalog-2025/main/images/Ashley_White_60_Single_Bowl_p25_x197.jpg,Ashley_White_60_Single_Bowl_p25_x197.jpg
ASHLEY_WHITE_72,Signature,Ashley,White,"72""",,34,72,22,Quartz,2650,4000,,Solid Wood Legs and Dovetail Drawer Construction | HDF Doors and Frame to Minimize Paint Cracks (Blue & White) | Real Wood Veneer Doors with an HDF Frame (Natural Oak) | 3/4” Thick Quartz Countertop with a 3” Matching Backsplash | Soft Close Doors and Dovetail Drawers with German-Made Hettich Hardware,,Cashmere Quartz Top; Pure White Quartz Top,"Side Splash (3"" x 21-1/4""); 3-Hole Countertop (4"" or 8"" Spread)","30”, 36”, 42, 48”, 60” Single Bowl, 60” Double Bowls, and 72”",22,,25,https://raw.githubusercontent.com/arzL2o/otto-home-goods-catalog-2025/main/images/Ashley_White_72_x_p25_x195.jpg,Ashley_White_72_x_p25_x195.jpg
NOVELLO_BLACK_30,Signature,Novello,Black,"30""",,34,30,22,Quartz,1400,2000,,Solid Wood Legs and Dovetail Drawer Construction | HDF Doors and Frame to Minimize Paint Cracks | 3/4” Thick Quartz Countertop with a 3” Matching Backsplash | Soft Close Doors and Dovetail Drawers with German-Made Hettich Hardware,Black; Brass; Brushed Nickel,Cashmere Quartz Top; Pure White Quartz Top,"Side Splash (3"" x 21-1/4""); 3-Hole Countertop (4"" or 8"" Spread)","30”, 36”, 48”, and 60”",22,,29,https://raw.githubusercontent.com/arzL2o/otto-home-goods-catalog-2025/main/images/Novello_Black_30_x_p29_x228.jpg,Novello_Black_30_x_p29_x228.jpg
NOVELLO_BLACK_36_OFF-CENTER-SINK-LEFT-SIDE,Signature,Novello,Black,"36""",Off Center Sink Left Side,34,36,22,Quartz,1550,2200,,Solid Wood Legs and Dovetail Drawer Construction | HDF Doors and Frame to Minimize Paint Cracks | 3/4” Thick Quartz Countertop with a 3” Matching Backsplash | Soft Close Doors and Dovetail Drawers with German-Made Hettich Hardware,Black; Brass; Brushed Nickel,Cashmere Quartz Top; Pure White Quartz Top,"Side Splash (3"" x 21-1/4""); 3-Hole Countertop (4"" or 8"" Spread)","30”, 36”, 48”, and 60”",22,,29,https://raw.githubusercontent.com/arzL2o/otto-home-goods-catalog-2025/main/images/Novello_Black_36_Off_Center_Sink_Left_Side_p29_x230.jpg,Novello_Black_36_Off_Center_Sink_Left_Side_p29_x230.jpg
NOVELLO_BLACK_48,Signature,Novello,Black,"48""",,34,48,22,Quartz,2100,2950,,Solid Wood Legs and Dovetail Drawer Construction | HDF Doors and Frame to Minimize Paint Cracks | 3/4” Thick Quartz Countertop with a 3” Matching Backsplash | Soft Close Doors and Dovetail Drawers with German-Made Hettich Hardware,Black; Brass; Brushed Nickel,Cashmere Quartz Top; Pure White Quartz Top,"Side Splash (3"" x 21-1/4""); 3-Hole Countertop (4"" or 8"" Spread)","30”, 36”, 48”, and 60”",22,,29,https://raw.githubusercontent.com/arzL2o/otto-home-goods-catalog-2025/main/images/Novello_Black_48_x_p29_x232.jpg,Novello_Black_48_x_p29_x232.jpg
NOVELLO_BLACK_60_DOUBLE-BOWLS,Signature,Novello,Black,"60""",Double Bowls,34,60,22,Quartz,2300,3550,,Solid Wood Legs and Dovetail Drawer Construction | HDF Doors and Frame to Minimize Paint Cracks | 3/4” Thick Quartz Countertop with a 3” Matching Backsplash | Soft Close Doors and Dovetail Drawers with German-Made Hettich Hardware,Black; Brass; Brushed Nickel,Cashmere Quartz Top; Pure White Quartz Top,"Side Splash (3"" x 21-1/4""); 3-Hole Countertop (4"" or 8"" Spread)","30”, 36”, 48”, and 60”",22,,29,https://raw.githubusercontent.com/arzL2o/otto-home-goods-catalog-2025/main/images/Novello_Black_60_Double_Bowls_p29_x234.jpg,Novello_Black_60_Double_Bowls_p29_x234.jpg
NOVELLO_BEIGE_30,Signature,Novello,Beige,"30""",,34,30,22,Quartz,1400,2000,,Solid Wood Legs and Dovetail Drawer Construction | HDF Doors and Frame to Minimize Paint Cracks | 3/4” Thick Quartz Countertop with a 3” Matching Backsplash | Soft Close Doors and Dovetail Drawers with German-Made Hettich Hardware,Black; Brass; Brushed Nickel,Cashmere Quartz Top; Pure White Quartz Top,"Side Splash (3"" x 21-1/4""); 3-Hole Countertop (4"" or 8"" Spread)","30”, 36”, 48”, and 60”",22,,31,https://raw.githubusercontent.com/arzL2o/otto-home-goods-catalog-2025/main/images/Novello_Beige_30_x_p31_x242.jpg,Novello_Beige_30_x_p31_x242.jpg
NOVELLO_BEIGE_36_OFF-CENTER-SINK-LEFT-SIDE,Signature,Novello,Beige,"36""",Off Center Sink Left Side,34,36,22,Quartz,1550,2200,,Solid Wood Legs and Dovetail Drawer Construction | HDF Doors and Frame to Minimize Paint Cracks | 3/4” Thick Quartz Countertop with a 3” Matching Backsplash | Soft Close Doors and Dovetail Drawers with German-Made Hettich Hardware,Black; Brass; Brushed Nickel,Cashmere Quartz Top; Pure White Quartz Top,"Side Splash (3"" x 21-1/4""); 3-Hole Countertop (4"" or 8"" Spread)","30”, 36”, 48”, and 60”",22,,31,https://raw.githubusercontent.com/arzL2o/otto-home-goods-catalog-2025/main/images/Novello_Beige_36_Off_Center_Sink_Left_Side_p31_x244.jpg,Novello_Beige_36_Off_Center_Sink_Left_Side_p31_x244.jpg
NOVELLO_BEIGE_48,Signature,Novello,Beige,"48""",,34,48,22,Quartz,2100,2950,,Solid Wood Legs and Dovetail Drawer Construction | HDF Doors and Frame to Minimize Paint Cracks | 3/4” Thick Quartz Countertop with a 3” Matching Backsplash | Soft Close Doors and Dovetail Drawers with German-Made Hettich Hardware,Black; Brass; Brushed Nickel,Cashmere Quartz Top; Pure White Quartz Top,"Side Splash (3"" x 21-1/4""); 3-Hole Countertop (4"" or 8"" Spread)","30”, 36”, 48”, and 60”",22,,31,https://raw.githubusercontent.com/arzL2o/otto-home-goods-catalog-2025/main/images/Novello_Beige_48_x_p31_x246.jpg,Novello_Beige_48_x_p31_x246.jpg
NOVELLO_BEIGE_60_DOUBLE-BOWLS,Signature,Novello,Beige,"60""",Double Bowls,34,60,22,Quartz,2300,3550,,Solid Wood Legs and Dovetail Drawer Construction | HDF Doors and Frame to Minimize Paint Cracks | 3/4” Thick Quartz Countertop with a 3” Matching Backsplash | Soft Close Doors and Dovetail Drawers with German-Made Hettich Hardware,Black; Brass; Brushed Nickel,Cashmere Quartz Top; Pure White Quartz Top,"Side Splash (3"" x 21-1/4""); 3-Hole Countertop (4"" or 8"" Spread)","30”, 36”, 48”, and 60”",22,,31,https://raw.githubusercontent.com/arzL2o/otto-home-goods-catalog-2025/main/images/Novello_Beige_60_Double_Bowls_p31_x248.jpg,Novello_Beige_60_Double_Bowls_p31_x248.jpg
ISABEL_WHITE_24,Signature,Isabel,White,"24""",,34,24,22,Quartz,1100,1550,,Solid Wood Legs and Dovetail Drawer Construction | HDF Doors and Frame to Minimize Paint Cracks | 3/4” Thick Quartz Countertop with a 3” Matching Backsplash | Soft Close Doors and Dovetail Drawers with German-Made Hettich Hardware,,Cashmere Quartz Top; Pure White Quartz Top,"Side Splash (3"" x 21-1/4""); 3-Hole Countertop (4"" or 8"" Spread)","24”, 30”, 36”, 42, 60”, and 72”",22,,34,https://raw.githubusercontent.com/arzL2o/otto-home-goods-catalog-2025/main/images/Isabel_White_24_x_p34_x918.jpg,Isabel_White_24_x_p34_x918.jpg
ISABEL_WHITE_30,Signature,Isabel,White,"30""",,34,30,22,Quartz,1350,1950,,Solid Wood Legs and Dovetail Drawer Construction | HDF Doors and Frame to Minimize Paint Cracks | 3/4” Thick Quartz Countertop with a 3” Matching Backsplash | Soft Close Doors and Dovetail Drawers with German-Made Hettich Hardware,,Cashmere Quartz Top; Pure White Quartz Top,"Side Splash (3"" x 21-1/4""); 3-Hole Countertop (4"" or 8"" Spread)","24”, 30”, 36”, 42, 60”, and 72”",22,,34,https://raw.githubusercontent.com/arzL2o/otto-home-goods-catalog-2025/main/images/Isabel_White_30_x_p34_x273.jpg,Isabel_White_30_x_p34_x273.jpg
ISABEL_WHITE_36_OFF-CENTER-SINK-LEFT-SIDE,Signature,Isabel,White,"36""",Off Center Sink Left Side,34,36,22,Quartz,1500,2150,,Solid Wood Legs and Dovetail Drawer Construction | HDF Doors and Frame to Minimize Paint Cracks | 3/4” Thick Quartz Countertop with a 3” Matching Backsplash | Soft Close Doors and Dovetail Drawers with German-Made Hettich Hardware,,Cashmere Quartz Top; Pure White Quartz Top,"Side Splash (3"" x 21-1/4""); 3-Hole Countertop (4"" or 8"" Spread)","24”, 30”, 36”, 42, 60”, and 72”",22,,34,https://raw.githubusercontent.com/arzL2o/otto-home-goods-catalog-2025/main/images/Isabel_White_36_Off_Center_Sink_Left_Side_p34_x275.jpg,Isabel_White_36_Off_Center_Sink_Left_Side_p34_x275.jpg
ISABEL_WHITE_42,Signature,Isabel,White,"42""",,34,42,22,Quartz,1950,2700,,Solid Wood Legs and Dovetail Drawer Construction | HDF Doors and Frame to Minimize Paint Cracks | 3/4” Thick Quartz Countertop with a 3” Matching Backsplash | Soft Close Doors and Dovetail Drawers with German-Made Hettich Hardware,,Cashmere Quartz Top; Pure White Quartz Top,"Side Splash (3"" x 21-1/4""); 3-Hole Countertop (4"" or 8"" Spread)","24”, 30”, 36”, 42, 60”, and 72”",22,,34,https://raw.githubusercontent.com/arzL2o/otto-home-goods-catalog-2025/main/images/Isabel_White_42_x_p34_x277.jpg,Isabel_White_42_x_p34_x277.jpg
ISABEL_WHITE_60_DOUBLE-BOWLS,Signature,Isabel,White,"60""",Double Bowls,34,60,22,Quartz,2200,3400,,Solid Wood Legs and Dovetail Drawer Construction | HDF Doors and Frame to Minimize Paint Cracks | 3/4” Thick Quartz Countertop with a 3” Matching Backsplash | Soft Close Doors and Dovetail Drawers with German-Made Hettich Hardware,,Cashmere Quartz Top; Pure White Quartz Top,"Side Splash (3"" x 21-1/4""); 3-Hole Countertop (4"" or 8"" Spread)","24”, 30”, 36”, 42, 60”, and 72”",22,,35,https://raw.githubusercontent.com/arzL2o/otto-home-goods-catalog-2025/main/images/Isabel_White_60_Double_Bowls_p35_x282.jpg,Isabel_White_60_Double_Bowls_p35_x282.jpg
ISABEL_WHITE_72,Signature,Isabel,White,"72""",,34,72,22,Quartz,2350,3650,,Solid Wood Legs and Dovetail Drawer Construction | HDF Doors and Frame to Minimize Paint Cracks | 3/4” Thick Quartz Countertop with a 3” Matching Backsplash | Soft Close Doors and Dovetail Drawers with German-Made Hettich Hardware,,Cashmere Quartz Top; Pure White Quartz Top,"Side Splash (3"" x 21-1/4""); 3-Hole Countertop (4"" or 8"" Spread)","24”, 30”, 36”, 42, 60”, and 72”",22,,35,https://raw.githubusercontent.com/arzL2o/otto-home-goods-catalog-2025/main/images/Isabel_White_72_x_p35_x284.jpg,Isabel_White_72_x_p35_x284.jpg
ISABEL_FOREST-GREEN_24,Signature,Isabel,Forest Green,"24""",,34,24,22,Quartz,1100,1550,,Solid Wood Legs and Dovetail Drawer Construction | HDF Doors and Frame to Minimize Paint Cracks | 3/4” Thick Quartz Countertop with a 3” Matching Backsplash | Soft Close Doors and Dovetail Drawers with German-Made Hettich Hardware,,Cashmere Quartz Top; Pure White Quartz Top,"Side Splash (3"" x 21-1/4""); 3-Hole Countertop (4"" or 8"" Spread)","24”, 30”, 36”, 42, 60”, and 72”",22,,36,https://raw.githubusercontent.com/arzL2o/otto-home-goods-catalog-2025/main/images/Isabel_Forest_Green_24_x_p36_x289.jpg,Isabel_Forest_Green_24_x_p36_x289.jpg
ISABEL_FOREST-GREEN_30,Signature,Isabel,Forest Green,"30""",,34,30,22,Quartz,1350,1950,,Solid Wood Legs and Dovetail Drawer Construction | HDF Doors and Frame to Minimize Paint Cracks | 3/4” Thick Quartz Countertop with a 3” Matching Backsplash | Soft Close Doors and Dovetail Drawers with German-Made Hettich Hardware,,Cashmere Quartz Top; Pure White Quartz Top,"Side Splash (3"" x 21-1/4""); 3-Hole Countertop (4"" or 8"" Spread)","24”, 30”, 36”, 42, 60”, and 72”",22,,36,https://raw.githubusercontent.com/arzL2o/otto-home-goods-catalog-2025/main/images/Isabel_Forest_Green_30_x_p36_x291.jpg,Isabel_Forest_Green_30_x_p36_x291.jpg
ISABEL_FOREST-GREEN_36_OFF-CENTER-SINK-LEFT-SIDE,Signature,Isabel,Forest Green,"36""",Off Center Sink Left Side,34,36,22,Quartz,1500,2150,,Solid Wood Legs and Dovetail Drawer Construction | HDF Doors and Frame to Minimize Paint Cracks | 3/4” Thick Quartz Countertop with a 3” Matching Backsplash | Soft Close Doors and Dovetail Drawers with German-Made Hettich Hardware,,Cashmere Quartz Top; Pure White Quartz Top,"Side Splash (3"" x 21-1/4""); 3-Hole Countertop (4"" or 8"" Spread)","24”, 30”, 36”, 42, 60”, and 72”",22,,36,https://raw.githubusercontent.com/arzL2o/otto-home-goods-catalog-2025/main/images/Isabel_Forest_Green_36_Off_Center_Sink_Left_Side_p36_x293.jpg,Isabel_Forest_Green_36_Off_Center_Sink_Left_Side_p36_x293.jpg
ISABEL_FOREST-GREEN_42,Signature,Isabel,Forest Green,"42""",,34,42,22,Quartz,1950,2700,,Solid Wood Legs and Dovetail Drawer Construction | HDF Doors and Frame to Minimize Paint Cracks | 3/4” Thick Quartz Countertop with a 3” Matching Backsplash | Soft Close Doors and Dovetail Drawers with German-Made Hettich Hardware,,Cashmere Quartz Top; Pure White Quartz Top,"Side Splash (3"" x 21-1/4""); 3-Hole Countertop (4"" or 8"" Spread)","24”, 30”, 36”, 42, 60”, and 72”",22,,36,https://raw.githubusercontent.com/arzL2o/otto-home-goods-catalog-2025/main/images/Isabel_Forest_Green_42_x_p36_x295.jpg,Isabel_Forest_Green_42_x_p36_x295.jpg
ISABEL_FOREST-GREEN_60_DOUBLE-BOWLS,Signature,Isabel,Forest Green,"60""",Double Bowls,34,60,22,Quartz,2200,3400,,Solid Wood Legs and Dovetail Drawer Construction | HDF Doors and Frame to Minimize Paint Cracks | 3/4” Thick Quartz Countertop with a 3” Matching Backsplash | Soft Close Doors and Dovetail Drawers with German-Made Hettich Hardware,,Cashmere Quartz Top; Pure White Quartz Top,"Side Splash (3"" x 21-1/4""); 3-Hole Countertop (4"" or 8"" Spread)","24”, 30”, 36”, 42, 60”, and 72”",22,,37,https://raw.githubusercontent.com/arzL2o/otto-home-goods-catalog-2025/main/images/Isabel_Forest_Green_60_Double_Bowls_p37_x299.jpg,Isabel_Forest_Green_60_Double_Bowls_p37_x299.jpg
ISABEL_FOREST-GREEN_72,Signature,Isabel,Forest Green,"72""",,34,72,22,Quartz,2350,3650,,Solid Wood Legs and Dovetail Drawer Construction | HDF Doors and Frame to Minimize Paint Cracks | 3/4” Thick Quartz Countertop with a 3” Matching Backsplash | Soft Close Doors and Dovetail Drawers with German-Made Hettich Hardware,,Cashmere Quartz Top; Pure White Quartz Top,"Side Splash (3"" x 21-1/4""); 3-Hole Countertop (4"" or 8"" Spread)","24”, 30”, 36”, 42, 60”, and 72”",22,,37,https://raw.githubusercontent.com/arzL2o/otto-home-goods-catalog-2025/main/images/Isabel_Forest_Green_72_x_p37_x301.jpg,Isabel_Forest_Green_72_x_p37_x301.jpg
SOLANA_WHITE_30,Signature,Solana,White,"30""",,34,30,22,Quartz,,1900,,Comes with 4’’ Built Up Edge Pure White Quartz Top | Engineered Wood Doors & Solid Wood Drawers | Metal Legs | Soft Close Doors and Dovetail Drawers with German-Made Hettich Hardware,Black; Brass,Pure White Quartz Top,,"30”, 36”, 48” and 60”",22,,41,https://raw.githubusercontent.com/arzL2o/otto-home-goods-catalog-2025/main/images/Solana_White_30_x_p41_x335.jpg,Solana_White_30_x_p41_x335.jpg
SOLANA_WHITE_36_OFF-CENTER-SINK-LEFT-SIDE,Signature,Solana,White,"36""",Off Center Sink Left Side,34,36,22,Quartz,,2150,,Comes with 4’’ Built Up Edge Pure White Quartz Top | Engineered Wood Doors & Solid Wood Drawers | Metal Legs | Soft Close Doors and Dovetail Drawers with German-Made Hettich Hardware,Black; Brass,Pure White Quartz Top,,"30”, 36”, 48” and 60”",22,,41,https://raw.githubusercontent.com/arzL2o/otto-home-goods-catalog-2025/main/images/Solana_White_36_Off_Center_Sink_Left_Side_p41_x333.jpg,Solana_White_36_Off_Center_Sink_Left_Side_p41_x333.jpg
SOLANA_WHITE_48,Signature,Solana,White,"48""",,34,48,22,Quartz,,2700,,Comes with 4’’ Built Up Edge Pure White Quartz Top | Engineered Wood Doors & Solid Wood Drawers | Metal Legs | Soft Close Doors and Dovetail Drawers with German-Made Hettich Hardware,Black; Brass,Pure White Quartz Top,,"30”, 36”, 48” and 60”",22,,41,https://raw.githubusercontent.com/arzL2o/otto-home-goods-catalog-2025/main/images/Solana_White_48_x_p41_x331.jpg,Solana_White_48_x_p41_x331.jpg
SOLANA_WHITE_60_DOUBLE-BOWL,Signature,Solana,White,"60""",Double Bowl,34,60,22,Quartz,,3200,,Comes with 4’’ Built Up Edge Pure White Quartz Top | Engineered Wood Doors & Solid Wood Drawers | Metal Legs | Soft Close Doors and Dovetail Drawers with German-Made Hettich Hardware,Black; Brass,Pure White Quartz Top,,"30”, 36”, 48” and 60”",22,,41,https://raw.githubusercontent.com/arzL2o/otto-home-goods-catalog-2025/main/images/Solana_White_60_Double_Bowl_p41_x329.jpg,Solana_White_60_Double_Bowl_p41_x329.jpg
SOLANA_NATURAL-OAK_30,Signature,Solana,Natural Oak,"30""",,34,30,22,Quartz,,1900,,Comes with 4’’ Built Up Edge Pure White Quartz Top | Engineered Wood Doors & Solid Wood Drawers | Metal Legs | Soft Close Doors and Dovetail Drawers with German-Made Hettich Hardware,Black; Brass,Pure White Quartz Top,,"30”, 36”, 48” and 60”",22,,43,https://raw.githubusercontent.com/arzL2o/otto-home-goods-catalog-2025/main/images/Solana_Natural_Oak_30_x_p43_x349.jpg,Solana_Natural_Oak_30_x_p43_x349.jpg
SOLANA_NATURAL-OAK_36_OFF-CENTER-SINK-LEFT-SIDE,Signature,Solana,Natural Oak,"36""",Off Center Sink Left Side,34,36,22,Quartz,,2150,,Comes with 4’’ Built Up Edge Pure White Quartz Top | Engineered Wood Doors & Solid Wood Drawers | Metal Legs | Soft Close Doors and Dovetail Drawers with German-Made Hettich Hardware,Black; Brass,Pure White Quartz Top,,"30”, 36”, 48” and 60”",22,,43,https://raw.githubusercontent.com/arzL2o/otto-home-goods-catalog-2025/main/images/Solana_Natural_Oak_36_Off_Center_Sink_Left_Side_p43_x347.jpg,Solana_Natural_Oak_36_Off_Center_Sink_Left_Side_p43_x347.jpg
SOLANA_NATURAL-OAK_48,Signature,Solana,Natural Oak,"48""",,34,48,22,Quartz,,2700,,Comes with 4’’ Built Up Edge Pure White Quartz Top | Engineered Wood Doors & Solid Wood Drawers | Metal Legs | Soft Close Doors and Dovetail Drawers with German-Made Hettich Hardware,Black; Brass,Pure White Quartz Top,,"30”, 36”, 48” and 60”",22,,43,https://raw.githubusercontent.com/arzL2o/otto-home-goods-catalog-2025/main/images/Solana_Natural_Oak_48_x_p43_x345.jpg,Solana_Natural_Oak_48_x_p43_x345.jpg
SOLANA_NATURAL-OAK_60_DOUBLE-BOWL,Signature,Solana,Natural Oak,"60""",Double Bowl,34,60,22,Quartz,,3200,,Comes with 4’’ Built Up Edge Pure White Quartz Top | Engineered Wood Doors & Solid Wood Drawers | Metal Legs | Soft Close Doors and Dovetail Drawers with German-Made Hettich Hardware,Black; Brass,Pure White Quartz Top,,"30”, 36”, 48” and 60”",22,,43,https://raw.githubusercontent.com/arzL2o/otto-home-goods-catalog-2025/main/images/Solana_Natural_Oak_60_Double_Bowl_p43_x343.jpg,Solana_Natural_Oak_60_Double_Bowl_p43_x343.jpg
ARIA_BLACK_24,Essentials,Aria,Black,"24""",,34,24,18,Porcelain,,1150,,Integrated Porcelain Top and Sink | Solid Wood Legs and Dovetail Drawer Construction | HDF Doors and Frame to Minimize Paint Cracks | Soft Close Doors and Dovetail Drawers with German-Made Hettich Hardware,Black; Brass; Brushed Nickel,Porcelain Top,,"24”, 30”, and 36”",,,47,https://raw.githubusercontent.com/arzL2o/otto-home-goods-catalog-2025/main/images/Aria_Black_24_x_p47_x387.jpg,Aria_Black_24_x_p47_x387.jpg
ARIA_BLACK_30,Essentials,Aria,Black,"30""",,34,30,18,Porcelain,,1450,,Integrated Porcelain Top and Sink | Solid Wood Legs and Dovetail Drawer Construction | HDF Doors and Frame to Minimize Paint Cracks | Soft Close Doors and Dovetail Drawers with German-Made Hettich Hardware,Black; Brass; Brushed Nickel,Porcelain Top,,"24”, 30”, and 36”",,,47,https://raw.githubusercontent.com/arzL2o/otto-home-goods-catalog-2025/main/images/Aria_Black_30_x_p47_x389.jpg,Aria_Black_30_x_p47_x389.jpg
ARIA_BLACK_36_CENTER-SINK,Essentials,Aria,Black,"36""",Center Sink,34,36,20,Porcelain,,1650,,Integrated Porcelain Top and Sink | Solid Wood Legs and Dovetail Drawer Construction | HDF Doors and Frame to Minimize Paint Cracks | Soft Close Doors and Dovetail Drawers with German-Made Hettich Hardware,Black; Brass; Brushed Nickel,Porcelain Top,,"24”, 30”, and 36”",,,47,https://raw.githubusercontent.com/arzL2o/otto-home-goods-catalog-2025/main/images/Aria_Black_36_Center_Sink_p47_x391.jpg,Aria_Black_36_Center_Sink_p47_x391.jpg
ARIA_NATURAL-OAK_24,Essentials,Aria,Natural Oak,"24""",,34,24,18,Porcelain,,1200,,Integrated Porcelain Top and Sink | Solid Wood Legs and Dovetail Drawer Construction | HDF Doors and Frame to Minimize Paint Cracks | Soft Close Doors and Dovetail Drawers with German-Made Hettich Hardware,Black; Brass; Brushed Nickel,Porcelain Top,,"24”, 30”, and 36”",,,48,https://raw.githubusercontent.com/arzL2o/otto-home-goods-catalog-2025/main/images/Aria_Natural_Oak_24_x_p48_x395.jpg,Aria_Natural_Oak_24_x_p48_x395.jpg
ARIA_NATURAL-OAK_30,Essentials,Aria,Natural Oak,"30""",,34,30,18,Porcelain,,1500,,Integrated Porcelain Top and Sink | Solid Wood Legs and Dovetail Drawer Construction | HDF Doors and Frame to Minimize Paint Cracks | Soft Close Doors and Dovetail Drawers with German-Made Hettich Hardware,Black; Brass; Brushed Nickel,Porcelain Top,,"24”, 30”, and 36”",,,48,https://raw.githubusercontent.com/arzL2o/otto-home-goods-catalog-2025/main/images/Aria_Natural_Oak_30_x_p48_x397.jpg,Aria_Natural_Oak_30_x_p48_x397.jpg
ARIA_NATURAL-OAK_36_CENTER-SINK,Essentials,Aria,Natural Oak,"36""",Center Sink,34,36,20,Porcelain,,1750,,Integrated Porcelain Top and Sink | Solid Wood Legs and Dovetail Drawer Construction | HDF Doors and Frame to Minimize Paint Cracks | Soft Close Doors and Dovetail Drawers with German-Made Hettich Hardware,Black; Brass; Brushed Nickel,Porcelain Top,,"24”, 30”, and 36”",,,48,https://raw.githubusercontent.com/arzL2o/otto-home-goods-catalog-2025/main/images/Aria_Natural_Oak_36_Center_Sink_p48_x399.jpg,Aria_Natural_Oak_36_Center_Sink_p48_x399.jpg
ARIA_WHITE_24,Essentials,Aria,White,"24""",,34,24,18,Porcelain,,1150,,Integrated Porcelain Top and Sink | Solid Wood Legs and Dovetail Drawer Construction | HDF Doors and Frame to Minimize Paint Cracks | Soft Close Doors and Dovetail Drawers with German-Made Hettich Hardware,Black; Brass; Brushed Nickel,Porcelain Top,,"24”, 30”, and 36”",,,49,https://raw.githubusercontent.com/arzL2o/otto-home-goods-catalog-2025/main/images/Aria_White_24_x_p49_x403.jpg,Aria_White_24_x_p49_x403.jpg
ARIA_WHITE_30,Essentials,Aria,White,"30""",,34,30,18,Porcelain,,1450,,Integrated Porcelain Top and Sink | Solid Wood Legs and Dovetail Drawer Construction | HDF Doors and Frame to Minimize Paint Cracks | Soft Close Doors and Dovetail Drawers with German-Made Hettich Hardware,Black; Brass; Brushed Nickel,Porcelain Top,,"24”, 30”, and 36”",,,49,https://raw.githubusercontent.com/arzL2o/otto-home-goods-catalog-2025/main/images/Aria_White_30_x_p49_x405.jpg,Aria_White_30_x_p49_x405.jpg
ARIA_WHITE_36_CENTER-SINK,Essentials,Aria,White,"36""",Center Sink,34,36,20,Porcelain,,1650,,Integrated Porcelain Top and Sink | Solid Wood Legs and Dovetail Drawer Construction | HDF Doors and Frame to Minimize Paint Cracks | Soft Close Doors and Dovetail Drawers with German-Made Hettich Hardware,Black; Brass; Brushed Nickel,Porcelain Top,,"24”, 30”, and 36”",,,49,https://raw.githubusercontent.com/arzL2o/otto-home-goods-catalog-2025/main/images/Aria_White_36_Center_Sink_p49_x407.jpg,Aria_White_36_Center_Sink_p49_x407.jpg
FRAME_WHITE_24,Essentials,Frame,White,"24""",,34,24,18,Porcelain,,1200,,Integrated Porcelain Top and Sink | Solid Wood Legs and Dovetail Drawer Construction | HDF Doors and Frame to Minimize Paint Cracks | Soft Close Doors and Dovetail Drawers with German-Made Hettich Hardware,Black; Brushed Nickel,Porcelain Top,,"24”, 30”, 36”, 60”, 72”, and 84”",,,52,https://raw.githubusercontent.com/arzL2o/otto-home-goods-catalog-2025/main/images/Frame_White_24_x_p52_x441.jpg,Frame_White_24_x_p52_x441.jpg
FRAME_WHITE_30,Essentials,Frame,White,"30""",,34,30,18,Porcelain,,1450,,Integrated Porcelain Top and Sink | Solid Wood Legs and Dovetail Drawer Construction | HDF Doors and Frame to Minimize Paint Cracks | Soft Close Doors and Dovetail Drawers with German-Made Hettich Hardware,Black; Brushed Nickel,Porcelain Top,,"24”, 30”, 36”, 60”, 72”, and 84”",,,52,https://raw.githubusercontent.com/arzL2o/otto-home-goods-catalog-2025/main/images/Frame_White_30_x_p52_x443.jpg,Frame_White_30_x_p52_x443.jpg
FRAME_WHITE_36_CENTER-SINK,Essentials,Frame,White,"36""",Center Sink,34,36,20,Porcelain,,1650,,Integrated Porcelain Top and Sink | Solid Wood Legs and Dovetail Drawer Construction | HDF Doors and Frame to Minimize Paint Cracks | Soft Close Doors and Dovetail Drawers with German-Made Hettich Hardware,Black; Brushed Nickel,Porcelain Top,,"24”, 30”, 36”, 60”, 72”, and 84”",,,52,https://raw.githubusercontent.com/arzL2o/otto-home-goods-catalog-2025/main/images/Frame_White_36_Center_Sink_p52_x445.jpg,Frame_White_36_Center_Sink_p52_x445.jpg
FRAME_WHITE_60,Essentials,Frame,White,"60""",,34,60,18,Porcelain,,2800,,Integrated Porcelain Top and Sink | Solid Wood Legs and Dovetail Drawer Construction | HDF Doors and Frame to Minimize Paint Cracks | Soft Close Doors and Dovetail Drawers with German-Made Hettich Hardware,Black; Brushed Nickel,Porcelain Top,,"24”, 30”, 36”, 60”, 72”, and 84”",,,53,https://raw.githubusercontent.com/arzL2o/otto-home-goods-catalog-2025/main/images/Frame_White_60_x_p53_x453.jpg,Frame_White_60_x_p53_x453.jpg
FRAME_WHITE_72,Essentials,Frame,White,"72""",,34,72,18,Porcelain,,3300,,Integrated Porcelain Top and Sink | Solid Wood Legs and Dovetail Drawer Construction | HDF Doors and Frame to Minimize Paint Cracks | Soft Close Doors and Dovetail Drawers with German-Made Hettich Hardware,Black; Brushed Nickel,Porcelain Top,,"24”, 30”, 36”, 60”, 72”, and 84”",,,53,https://raw.githubusercontent.com/arzL2o/otto-home-goods-catalog-2025/main/images/Frame_White_72_x_p53_x451.jpg,Frame_White_72_x_p53_x451.jpg
FRAME_WHITE_84,Essentials,Frame,White,"84""",,34,84,20,Porcelain,,3700,,Integrated Porcelain Top and Sink | Solid Wood Legs and Dovetail Drawer Construction | HDF Doors and Frame to Minimize Paint Cracks | Soft Close Doors and Dovetail Drawers with German-Made Hettich Hardware,Black; Brushed Nickel,Porcelain Top,,"24”, 30”, 36”, 60”, 72”, and 84”",,,53,https://raw.githubusercontent.com/arzL2o/otto-home-goods-catalog-2025/main/images/Frame_White_84_x_p53_x449.jpg,Frame_White_84_x_p53_x449.jpg
FRAME_DARK-GRAY_24,Essentials,Frame,Dark Gray,"24""",,34,24,18,Porcelain,,1200,,Integrated Porcelain Top and Sink | Solid Wood Legs and Dovetail Drawer Construction | HDF Doors and Frame to Minimize Paint Cracks | Soft Close Doors and Dovetail Drawers with German-Made Hettich Hardware,Black; Brushed Nickel,Porcelain Top,,"24”, 30”, 36”, 60”, 72”, and 84”",,,54,https://raw.githubusercontent.com/arzL2o/otto-home-goods-catalog-2025/main/images/Frame_Dark_Gray_24_x_p54_x457.jpg,Frame_Dark_Gray_24_x_p54_x457.jpg
FRAME_DARK-GRAY_30,Essentials,Frame,Dark Gray,"30""",,34,30,18,Porcelain,,1450,,Integrated Porcelain Top and Sink | Solid Wood Legs and Dovetail Drawer Construction | HDF Doors and Frame to Minimize Paint Cracks | Soft Close Doors and Dovetail Drawers with German-Made Hettich Hardware,Black; Brushed Nickel,Porcelain Top,,"24”, 30”, 36”, 60”, 72”, and 84”",,,54,https://raw.githubusercontent.com/arzL2o/otto-home-goods-catalog-2025/main/images/Frame_Dark_Gray_30_x_p54_x459.jpg,Frame_Dark_Gray_30_x_p54_x459.jpg
FRAME_DARK-GRAY_36_CENTER-SINK,Essentials,Frame,Dark Gray,"36""",Center Sink,34,36,20,Porcelain,,1650,,Integrated Porcelain Top and Sink | Solid Wood Legs and Dovetail Drawer Construction | HDF Doors and Frame to Minimize Paint Cracks | Soft Close Doors and Dovetail Drawers with German-Made Hettich Hardware,Black; Brushed Nickel,Porcelain Top,,"24”, 30”, 36”, 60”, 72”, and 84”",,,54,https://raw.githubusercontent.com/arzL2o/otto-home-goods-catalog-2025/main/images/Frame_Dark_Gray_36_Center_Sink_p54_x461.jpg,Frame_Dark_Gray_36_Center_Sink_p54_x461.jpg
FRAME_DARK-GRAY_60,Essentials,Frame,Dark Gray,"60""",,34,60,18,Porcelain,,2800,,Integrated Porcelain Top and Sink | Solid Wood Legs and Dovetail Drawer Construction | HDF Doors and Frame to Minimize Paint Cracks | Soft Close Doors and Dovetail Drawers with German-Made Hettich Hardware,Black; Brushed Nickel,Porcelain Top,,"24”, 30”, 36”, 60”, 72”, and 84”",,,55,https://raw.githubusercontent.com/arzL2o/otto-home-goods-catalog-2025/main/images/Frame_Dark_Gray_60_x_p55_x469.jpg,Frame_Dark_Gray_60_x_p55_x469.jpg
FRAME_DARK-GRAY_72,Essentials,Frame,Dark Gray,"72""",,34,72,18,Porcelain,,3300,,Integrated Porcelain Top and Sink | Solid Wood Legs and Dovetail Drawer Construction | HDF Doors and Frame to Minimize Paint Cracks | Soft Close Doors and Dovetail Drawers with German-Made Hettich Hardware,Black; Brushed Nickel,Porcelain Top,,"24”, 30”, 36”, 60”, 72”, and 84”",,,55,https://raw.githubusercontent.com/arzL2o/otto-home-goods-catalog-2025/main/images/Frame_Dark_Gray_72_x_p55_x467.jpg,Frame_Dark_Gray_72_x_p55_x467.jpg
FRAME_DARK-GRAY_84,Essentials,Frame,Dark Gray,"84""",,34,84,20,Porcelain,,3700,,Integrated Porcelain Top and Sink | Solid Wood Legs and Dovetail Drawer Construction | HDF Doors and Frame to Minimize Paint Cracks | Soft Close Doors and Dovetail Drawers with German-Made Hettich Hardware,Black; Brushed Nickel,Porcelain Top,,"24”, 30”, 36”, 60”, 72”, and 84”",,,55,https://raw.githubusercontent.com/arzL2o/otto-home-goods-catalog-2025/main/images/Frame_Dark_Gray_84_x_p55_x465.jpg,Frame_Dark_Gray_84_x_p55_x465.jpg
FRAME_PINE-GREEN_24,Essentials,Frame,Pine Green,"24""",,34,24,18,Porcelain,,1200,,Integrated Porcelain Top and Sink | Solid Wood Legs and Dovetail Drawer Construction | HDF Doors and Frame to Minimize Paint Cracks | Soft Close Doors and Dovetail Drawers with German-Made Hettich Hardware,Black; Brushed Nickel,Porcelain Top,,"24”, 30”, 36”, 60”, 72”, and 84”",,,56,https://raw.githubusercontent.com/arzL2o/otto-home-goods-catalog-2025/main/images/Frame_Pine_Green_24_x_p56_x473.jpg,Frame_Pine_Green_24_x_p56_x473.jpg
FRAME_PINE-GREEN_30,Essentials,Frame,Pine Green,"30""",,34,30,18,Porcelain,,1450,,Integrated Porcelain Top and Sink | Solid Wood Legs and Dovetail Drawer Construction | HDF Doors and Frame to Minimize Paint Cracks | Soft Close Doors and Dovetail Drawers with German-Made Hettich Hardware,Black; Brushed Nickel,Porcelain Top,,"24”, 30”, 36”, 60”, 72”, and 84”",,,56,https://raw.githubusercontent.com/arzL2o/otto-home-goods-catalog-2025/main/images/Frame_Pine_Green_30_x_p56_x475.jpg,Frame_Pine_Green_30_x_p56_x475.jpg
FRAME_PINE-GREEN_36_CENTER-SINK,Essentials,Frame,Pine Green,"36""",Center Sink,34,36,20,Porcelain,,1650,,Integrated Porcelain Top and Sink | Solid Wood Legs and Dovetail Drawer Construction | HDF Doors and Frame to Minimize Paint Cracks | Soft Close Doors and Dovetail Drawers with German-Made Hettich Hardware,Black; Brushed Nickel,Porcelain Top,,"24”, 30”, 36”, 60”, 72”, and 84”",,,56,https://raw.githubusercontent.com/arzL2o/otto-home-goods-catalog-2025/main/images/Frame_Pine_Green_36_Center_Sink_p56_x477.jpg,Frame_Pine_Green_36_Center_Sink_p56_x477.jpg
FRAME_PINE-GREEN_60,Essentials,Frame,Pine Green,"60""",,34,60,18,Porcelain,,2800,,Integrated Porcelain Top and Sink | Solid Wood Legs and Dovetail Drawer Construction | HDF Doors and Frame to Minimize Paint Cracks | Soft Close Doors and Dovetail Drawers with German-Made Hettich Hardware,Black; Brushed Nickel,Porcelain Top,,"24”, 30”, 36”, 60”, 72”, and 84”",,,57,https://raw.githubusercontent.com/arzL2o/otto-home-goods-catalog-2025/main/images/Frame_Pine_Green_60_x_p57_x485.jpg,Frame_Pine_Green_60_x_p57_x485.jpg
FRAME_PINE-GREEN_72,Essentials,Frame,Pine Green,"72""",,34,72,18,Porcelain,,3300,,Integrated Porcelain Top and Sink | Solid Wood Legs and Dovetail Drawer Construction | HDF Doors and Frame to Minimize Paint Cracks | Soft Close Doors and Dovetail Drawers with German-Made Hettich Hardware,Black; Brushed Nickel,Porcelain Top,,"24”, 30”, 36”, 60”, 72”, and 84”",,,57,https://raw.githubusercontent.com/arzL2o/otto-home-goods-catalog-2025/main/images/Frame_Pine_Green_72_x_p57_x483.jpg,Frame_Pine_Green_72_x_p57_x483.jpg
FRAME_PINE-GREEN_84,Essentials,Frame,Pine Green,"84""",,34,84,20,Porcelain,,3700,,Integrated Porcelain Top and Sink | Solid Wood Legs and Dovetail Drawer Construction | HDF Doors and Frame to Minimize Paint Cracks | Soft Close Doors and Dovetail Drawers with German-Made Hettich Hardware,Black; Brushed Nickel,Porcelain Top,,"24”, 30”, 36”, 60”, 72”, and 84”",,,57,https://raw.githubusercontent.com/arzL2o/otto-home-goods-catalog-2025/main/images/Frame_Pine_Green_84_x_p57_x481.jpg,Frame_Pine_Green_84_x_p57_x481.jpg
ADORA_LIGHT-GRAY_24,Essentials,Adora,Light Gray,"24""",,36,24,18,Porcelain,,1100,,Integrated Porcelain Top and Sink | Engineered Wood Doors and Frame | Soft Close Drawers with German-Made Hettich Hardware,Black; Brushed Nickel,Porcelain Top,,,,,59,https://raw.githubusercontent.com/arzL2o/otto-home-goods-catalog-2025/main/images/Adora_Light_Gray_24_x_p59_x517.jpg,Adora_Light_Gray_24_x_p59_x517.jpg
ADORA_WHITE_24,Essentials,Adora,White,"24""",,36,24,18,Porcelain,,1100,,Integrated Porcelain Top and Sink | Engineered Wood Doors and Frame | Soft Close Drawers with German-Made Hettich Hardware,Black; Brushed Nickel,Porcelain Top,,,,,59,https://raw.githubusercontent.com/arzL2o/otto-home-goods-catalog-2025/main/images/Adora_White_24_x_p59_x515.jpg,Adora_White_24_x_p59_x515.jpg
ADORA_LIGHT-GRAY_32,Essentials,Adora,Light Gray,"32""",,36,32,18,Porcelain,,1250,,Integrated Porcelain Top and Sink | Engineered Wood Doors and Frame | Soft Close Drawers with German-Made Hettich Hardware,Black; Brushed Nickel,Porcelain Top,,,,,59,https://raw.githubusercontent.com/arzL2o/otto-home-goods-catalog-2025/main/images/Adora_Light_Gray_32_x_p59_x519.jpg,Adora_Light_Gray_32_x_p59_x519.jpg
ADORA_WHITE_32,Essentials,Adora,White,"32""",,36,32,18,Porcelain,,1250,,Integrated Porcelain Top and Sink | Engineered Wood Doors and Frame | Soft Close Drawers with German-Made Hettich Hardware,Black; Brushed Nickel,Porcelain Top,,,,,59,https://raw.githubusercontent.com/arzL2o/otto-home-goods-catalog-2025/main/images/Adora_White_32_x_p59_x513.jpg,Adora_White_32_x_p59_x513.jpg
SEMPRE_WHITE_20,Essentials,Sempre,White,"20""",,34,20,16,Porcelain,,700,,Integrated Porcelain Top and Sink | Engineered Wood | Metal Legs | Soft Close Drawers with German-Made Hettich Hardware,Black,Porcelain Top,,,,,61,https://raw.githubusercontent.com/arzL2o/otto-home-goods-catalog-2025/main/images/Sempre_White_20_x_p61_x536.jpg,Sempre_White_20_x_p61_x536.jpg
SEMPRE_PINE-GREEN_20,Essentials,Sempre,Pine Green,"20""",,34,20,16,Porcelain,,700,,Integrated Porcelain Top and Sink | Engineered Wood | Metal Legs | Soft Close Drawers with German-Made Hettich Hardware,Black,Porcelain Top,,,,,61,https://raw.githubusercontent.com/arzL2o/otto-home-goods-catalog-2025/main/images/Sempre_Pine_Green_20_x_p61_x538.jpg,Sempre_Pine_Green_20_x_p61_x538.jpg
SEMPRE_WHITE_24,Essentials,Sempre,White,"24""",,34,24,16,Porcelain,,750,,Integrated Porcelain Top and Sink | Engineered Wood | Metal Legs | Soft Close Drawers with German-Made Hettich Hardware,Black,Porcelain Top,,,,,61,https://raw.githubusercontent.com/arzL2o/otto-home-goods-catalog-2025/main/images/Sempre_White_24_x_p61_x540.jpg,Sempre_White_24_x_p61_x540.jpg
SEMPRE_PINE-GREEN_24,Essentials,Sempre,Pine Green,"24""",,34,24,16,Porcelain,,750,,Integrated Porcelain Top and Sink | Engineered Wood | Metal Legs | Soft Close Drawers with German-Made Hettich Hardware,Black,Porcelain Top,,,,,61,https://raw.githubusercontent.com/arzL2o/otto-home-goods-catalog-2025/main/images/Sempre_Pine_Green_24_x_p61_x542.jpg,Sempre_Pine_Green_24_x_p61_x542.jpg
LUNA_WHITE_26,Essentials,Luna,White,"26""",,34,26,18,Porcelain,,750,,Integrated Porcelain Top and Sink | Engineered Wood Doors and Frame | Soft Close Doors with German-Made Hettich Hardware,Brushed Nickel; Gold,Porcelain Top,,,,,63,https://raw.githubusercontent.com/arzL2o/otto-home-goods-catalog-2025/main/images/Luna_White_26_x_p63_x568.jpg,Luna_White_26_x_p63_x568.jpg
LUNA_PEPPER_26,Essentials,Luna,Pepper,"26""",,34,26,18,Porcelain,,750,,Integrated Porcelain Top and Sink | Engineered Wood Doors and Frame | Soft Close Doors with German-Made Hettich Hardware,Brushed Nickel; Gold,Porcelain Top,,,,,63,https://raw.githubusercontent.com/arzL2o/otto-home-goods-catalog-2025/main/images/Luna_Pepper_26_x_p63_x566.jpg,Luna_Pepper_26_x_p63_x566.jpg
LUNA_NAVY-BLUE_26,Essentials,Luna,Navy Blue,"26""",,34,26,18,Porcelain,,750,,Integrated Porcelain Top and Sink | Engineered Wood Doors and Frame | Soft Close Doors with German-Made Hettich Hardware,Brushed Nickel; Gold,Porcelain Top,,,,,63,https://raw.githubusercontent.com/arzL2o/otto-home-goods-catalog-2025/main/images/Luna_Navy_Blue_26_x_p63_x564.jpg,Luna_Navy_Blue_26_x_p63_x564.jpg
ROMINA_MESSINA_30,Essentials,Romina,Messina,"30""",,34,30,18,Porcelain,,1150,,Integrated Porcelain Top and Sink | Engineered Wood Doors and Frame | Soft Close Doors and Drawers with German-Made Hettich Hardware,,Porcelain Top,,,,,65,https://raw.githubusercontent.com/arzL2o/otto-home-goods-catalog-2025/main/images/Romina_Messina_30_x_p65_x585.jpg,Romina_Messina_30_x_p65_x585.jpg
ROMINA_MESSINA_39,Essentials,Romina,Messina,"39""",,34,39,18,Porcelain,,1300,,Integrated Porcelain Top and Sink | Engineered Wood Doors and Frame | Soft Close Doors and Drawers with German-Made Hettich Hardware,,Porcelain Top,,,,,65,https://raw.githubusercontent.com/arzL2o/otto-home-goods-catalog-2025/main/images/Romina_Messina_39_x_p65_x583.jpg,Romina_Messina_39_x_p65_x583.jpg
ROMINA_MESSINA_60_DOUBLE-BOWL,Essentials,Romina,Messina,"60""",Double Bowl,34,60,18,Porcelain,,2300,,Integrated Porcelain Top and Sink | Engineered Wood Doors and Frame | Soft Close Doors and Drawers with German-Made Hettich Hardware,,Porcelain Top,,,,,65,https://raw.githubusercontent.com/arzL2o/otto-home-goods-catalog-2025/main/images/Romina_Messina_60_Double_Bowl_p65_x581.jpg,Romina_Messina_60_Double_Bowl_p65_x581.jpg
ARTE_GLOSSY-WHITE_26,Essentials,Arte,Glossy White,"26""",,33,26,17,Porcelain,,950,,Integrated Porcelain Top and Sink | Engineered Wood Doors and Frame | Soft Close Doors and Drawers with German-Made Hettich Hardware,Brushed Nickel,Porcelain Top,,,,,67,https://raw.githubusercontent.com/arzL2o/otto-home-goods-catalog-2025/main/images/Arte_Glossy_White_26_x_p67_x600.jpg,Arte_Glossy_White_26_x_p67_x600.jpg
ARTE_GLOSSY-WHITE_30,Essentials,Arte,Glossy White,"30""",,33,30,17,Porcelain,,1000,,Integrated Porcelain Top and Sink | Engineered Wood Doors and Frame | Soft Close Doors and Drawers with German-Made Hettich Hardware,Brushed Nickel,Porcelain Top,,,,,67,https://raw.githubusercontent.com/arzL2o/otto-home-goods-catalog-2025/main/images/Arte_Glossy_White_30_x_p67_x602.jpg,Arte_Glossy_White_30_x_p67_x602.jpg
SORRENTO_NATURAL-OAK_24,Floating,Sorrento,Natural Oak,"24""",,20,24,18,Porcelain,,1200,,HDF Doors and Frame to Minimize Paint Cracks (Painted Models) | Real Wood Reeded White Oak Doors with an HDF Frame (Natural Oak) | Soft Close Dovetail Wood Drawers with German-Made Hettich Hardware,Black; Brass,,,"24”, 30”, 36” and 48”",,,70,https://raw.githubusercontent.com/arzL2o/otto-home-goods-catalog-2025/main/images/Sorrento_Natural_Oak_24_x_p70_x641.jpg,Sorrento_Natural_Oak_24_x_p70_x641.jpg
SORRENTO_NATURAL-OAK_30,Floating,Sorrento,Natural Oak,"30""",,20,30,18,Porcelain,,1300,,HDF Doors and Frame to Minimize Paint Cracks (Painted Models) | Real Wood Reeded White Oak Doors with an HDF Frame (Natural Oak) | Soft Close Dovetail Wood Drawers with German-Made Hettich Hardware,Black; Brass,,,"24”, 30”, 36” and 48”",,,70,https://raw.githubusercontent.com/arzL2o/otto-home-goods-catalog-2025/main/images/Sorrento_Natural_Oak_30_x_p70_x639.jpg,Sorrento_Natural_Oak_30_x_p70_x639.jpg
SORRENTO_NATURAL-OAK_36,Floating,Sorrento,Natural Oak,"36""",,20,36,20,Porcelain,,1500,,HDF Doors and Frame to Minimize Paint Cracks (Painted Models) | Real Wood Reeded White Oak Doors with an HDF Frame (Natural Oak) | Soft Close Dovetail Wood Drawers with German-Made Hettich Hardware,Black; Brass,,,"24”, 30”, 36” and 48”",,,70,https://raw.githubusercontent.com/arzL2o/otto-home-goods-catalog-2025/main/images/Sorrento_Natural_Oak_36_x_p70_x637.jpg,Sorrento_Natural_Oak_36_x_p70_x637.jpg
SORRENTO_NATURAL-OAK_48_DOUBLE-BOWL,Floating,Sorrento,Natural Oak,"48""",Double Bowl,20,48,20,Porcelain,,2450,,HDF Doors and Frame to Minimize Paint Cracks (Painted Models) | Real Wood Reeded White Oak Doors with an HDF Frame (Natural Oak) | Soft Close Dovetail Wood Drawers with German-Made Hettich Hardware,Black; Brass,,,"24”, 30”, 36” and 48”",,,70,https://raw.githubusercontent.com/arzL2o/otto-home-goods-catalog-2025/main/images/Sorrento_Natural_Oak_48_Double_Bowl_p70_x635.jpg,Sorrento_Natural_Oak_48_Double_Bowl_p70_x635.jpg
SORRENTO_FOREST-GREEN_24,Floating,Sorrento,Forest Green,"24""",,20,24,18,Porcelain,,1100,,HDF Doors and Frame to Minimize Paint Cracks (Painted Models) | Real Wood Reeded White Oak Doors with an HDF Frame (Natural Oak) | Soft Close Dovetail Wood Drawers with German-Made Hettich Hardware,Black; Brass,,,"24”, 30”, 36” and 48”",,,71,https://raw.githubusercontent.com/arzL2o/otto-home-goods-catalog-2025/main/images/Sorrento_Forest_Green_24_x_p71_x657.jpg,Sorrento_Forest_Green_24_x_p71_x657.jpg
SORRENTO_FOREST-GREEN_30,Floating,Sorrento,Forest Green,"30""",,20,30,18,Porcelain,,1200,,HDF Doors and Frame to Minimize Paint Cracks (Painted Models) | Real Wood Reeded White Oak Doors with an HDF Frame (Natural Oak) | Soft Close Dovetail Wood Drawers with German-Made Hettich Hardware,Black; Brass,,,"24”, 30”, 36” and 48”",,,71,https://raw.githubusercontent.com/arzL2o/otto-home-goods-catalog-2025/main/images/Sorrento_Forest_Green_30_x_p71_x655.jpg,Sorrento_Forest_Green_30_x_p71_x655.jpg
SORRENTO_FOREST-GREEN_36,Floating,Sorrento,Forest Green,"36""",,20,36,20,Porcelain,,1400,,HDF Doors and Frame to Minimize Paint Cracks (Painted Models) | Real Wood Reeded White Oak Doors with an HDF Frame (Natural Oak) | Soft Close Dovetail Wood Drawers with German-Made Hettich Hardware,Black; Brass,,,"24”, 30”, 36” and 48”",,,71,https://raw.githubusercontent.com/arzL2o/otto-home-goods-catalog-2025/main/images/Sorrento_Forest_Green_36_x_p71_x651.jpg,Sorrento_Forest_Green_36_x_p71_x651.jpg
SORRENTO_FOREST-GREEN_48_DOUBLE-BOWL,Floating,Sorrento,Forest Green,"48""",Double Bowl,20,48,20,Porcelain,,2250,,HDF Doors and Frame to Minimize Paint Cracks (Painted Models) | Real Wood Reeded White Oak Doors with an HDF Frame (Natural Oak) | Soft Close Dovetail Wood Drawers with German-Made Hettich Hardware,Black; Brass,,,"24”, 30”, 36” and 48”",,,71,https://raw.githubusercontent.com/arzL2o/otto-home-goods-catalog-2025/main/images/Sorrento_Forest_Green_48_Double_Bowl_p71_x647.jpg,Sorrento_Forest_Green_48_Double_Bowl_p71_x647.jpg
SORRENTO_PEPPER_24,Floating,Sorrento,Pepper,"24""",,20,24,18,Porcelain,,1100,,HDF Doors and Frame to Minimize Paint Cracks (Painted Models) | Real Wood Reeded White Oak Doors with an HDF Frame (Natural Oak) | Soft Close Dovetail Wood Drawers with German-Made Hettich Hardware,Black; Brass,,,"24”, 30”, 36” and 48”",,,72,https://raw.githubusercontent.com/arzL2o/otto-home-goods-catalog-2025/main/images/Sorrento_Pepper_24_x_p72_x668.jpg,Sorrento_Pepper_24_x_p72_x668.jpg
SORRENTO_PEPPER_30,Floating,Sorrento,Pepper,"30""",,20,30,18,Porcelain,,1200,,HDF Doors and Frame to Minimize Paint Cracks (Painted Models) | Real Wood Reeded White Oak Doors with an HDF Frame (Natural Oak) | Soft Close Dovetail Wood Drawers with German-Made Hettich Hardware,Black; Brass,,,"24”, 30”, 36” and 48”",,,72,https://raw.githubusercontent.com/arzL2o/otto-home-goods-catalog-2025/main/images/Sorrento_Pepper_30_x_p72_x666.jpg,Sorrento_Pepper_30_x_p72_x666.jpg
SORRENTO_PEPPER_36,Floating,Sorrento,Pepper,"36""",,20,36,20,Porcelain,,1400,,HDF Doors and Frame to Minimize Paint Cracks (Painted Models) | Real Wood Reeded White Oak Doors with an HDF Frame (Natural Oak) | Soft Close Dovetail Wood Drawers with German-Made Hettich Hardware,Black; Brass,,,"24”, 30”, 36” and 48”",,,72,https://raw.githubusercontent.com/arzL2o/otto-home-goods-catalog-2025/main/images/Sorrento_Pepper_36_x_p72_x664.jpg,Sorrento_Pepper_36_x_p72_x664.jpg
SORRENTO_PEPPER_48_DOUBLE-BOWL,Floating,Sorrento,Pepper,"48""",Double Bowl,20,48,20,Porcelain,,2250,,HDF Doors and Frame to Minimize Paint Cracks (Painted Models) | Real Wood Reeded White Oak Doors with an HDF Frame (Natural Oak) | Soft Close Dovetail Wood Drawers with German-Made Hettich Hardware,Black; Brass,,,"24”, 30”, 36” and 48”",,,72,https://raw.githubusercontent.com/arzL2o/otto-home-goods-catalog-2025/main/images/Sorrento_Pepper_48_Double_Bowl_p72_x662.jpg,Sorrento_Pepper_48_Double_Bowl_p72_x662.jpg
SORRENTO_WHITE_24,Floating,Sorrento,White,"24""",,20,24,18,Porcelain,,1100,,HDF Doors and Frame to Minimize Paint Cracks (Painted Models) | Real Wood Reeded White Oak Doors with an HDF Frame (Natural Oak) | Soft Close Dovetail Wood Drawers with German-Made Hettich Hardware,Black; Brass,,,"24”, 30”, 36” and 48”",,,73,https://raw.githubusercontent.com/arzL2o/otto-home-goods-catalog-2025/main/images/Sorrento_White_24_x_p73_x678.jpg,Sorrento_White_24_x_p73_x678.jpg
SORRENTO_WHITE_30,Floating,Sorrento,White,"30""",,20,30,18,Porcelain,,1200,,HDF Doors and Frame to Minimize Paint Cracks (Painted Models) | Real Wood Reeded White Oak Doors with an HDF Frame (Natural Oak) | Soft Close Dovetail Wood Drawers with German-Made Hettich Hardware,Black; Brass,,,"24”, 30”, 36” and 48”",,,73,https://raw.githubusercontent.com/arzL2o/otto-home-goods-catalog-2025/main/images/Sorrento_White_30_x_p73_x676.jpg,Sorrento_White_30_x_p73_x676.jpg
SORRENTO_WHITE_36,Floating,Sorrento,White,"36""",,20,36,20,Porcelain,,1400,,HDF Doors and Frame to Minimize Paint Cracks (Painted Models) | Real Wood Reeded White Oak Doors with an HDF Frame (Natural Oak) | Soft Close Dovetail Wood Drawers with German-Made Hettich Hardware,Black; Brass,,,"24”, 30”, 36” and 48”",,,73,https://raw.githubusercontent.com/arzL2o/otto-home-goods-catalog-2025/main/images/Sorrento_White_36_x_p73_x674.jpg,Sorrento_White_36_x_p73_x674.jpg
SORRENTO_WHITE_48_DOUBLE-BOWL,Floating,Sorrento,White,"48""",Double Bowl,20,48,20,Porcelain,,2250,,HDF Doors and Frame to Minimize Paint Cracks (Painted Models) | Real Wood Reeded White Oak Doors with an HDF Frame (Natural Oak) | Soft Close Dovetail Wood Drawers with German-Made Hettich Hardware,Black; Brass,,,"24”, 30”, 36” and 48”",,,73,https://raw.githubusercontent.com/arzL2o/otto-home-goods-catalog-2025/main/images/Sorrento_White_48_Double_Bowl_p73_x672.jpg,Sorrento_White_48_Double_Bowl_p73_x672.jpg
RAVELLO_NATURAL-OAK-BLACK_24,Floating,Ravello,Natural Oak  - Black,"24""",,24,24,18,Porcelain,,1200,,Real Wood Reeded White Oak Doors with an HDF Frame (Natural Oak) | Soft Close Dovetail Wood Drawers with German-Made Hettich Hardware,Black,,,,,,75,https://raw.githubusercontent.com/arzL2o/otto-home-goods-catalog-2025/main/images/Ravello_Natural_Oak_Black_24_x_p75_x691.jpg,Ravello_Natural_Oak_Black_24_x_p75_x691.jpg
RAVELLO_NATURAL-OAK-BLACK_30,Floating,Ravello,Natural Oak  - Black,"30""",,24,30,18,Porcelain,,1300,,Real Wood Reeded White Oak Doors with an HDF Frame (Natural Oak) | Soft Close Dovetail Wood Drawers with German-Made Hettich Hardware,Black,,,,,,75,https://raw.githubusercontent.com/arzL2o/otto-home-goods-catalog-2025/main/images/Ravello_Natural_Oak_Black_30_x_p75_x693.jpg,Ravello_Natural_Oak_Black_30_x_p75_x693.jpg
SIMENA_WHITE_30,Floating,Simena,White,"30""",,21,30,18,Porcelain,,900,,Integrated Porcelain Top and Sink | Engineered Wood Doors and Frame | Soft Close Dovetail Wood Drawers with German-Made Hettich Hardware,,Porcelain Top,,,,,77,https://raw.githubusercontent.com/arzL2o/otto-home-goods-catalog-2025/main/images/Simena_White_30_x_p77_x705.jpg,Simena_White_30_x_p77_x705.jpg
SIMENA_NATURAL-OAK_30,Floating,Simena,Natural Oak,"30""",,21,30,18,Porcelain,,900,,Integrated Porcelain Top and Sink | Engineered Wood Doors and Frame | Soft Close Dovetail Wood Drawers with German-Made Hettich Hardware,,Porcelain Top,,,,,77,https://raw.githubusercontent.com/arzL2o/otto-home-goods-catalog-2025/main/images/Simena_Natural_Oak_30_x_p77_x707.jpg,Simena_Natural_Oak_30_x_p77_x707.jpg
GALA_DARK-GRAY_30,Floating,Gala,Dark Gray,"30""",,24,30,19,Porcelain,,1400,,Integrated Porcelain Top and Sink | Engineered Wood Doors and Frame | Hidden Second Drawer | Soft Close Metal Drawers with German-Made Hettich Hardware,,Porcelain Top,,"30”, 39”, and 60”",19,,80,https://raw.githubusercontent.com/arzL2o/otto-home-goods-catalog-2025/main/images/Gala_Dark_Gray_30_x_p80_x735.jpg,Gala_Dark_Gray_30_x_p80_x735.jpg
GALA_DARK-GRAY_39,Floating,Gala,Dark Gray,"39""",,24,39,19,Porcelain,,1700,,Integrated Porcelain Top and Sink | Engineered Wood Doors and Frame | Hidden Second Drawer | Soft Close Metal Drawers with German-Made Hettich Hardware,,Porcelain Top,,"30”, 39”, and 60”",19,,80,https://raw.githubusercontent.com/arzL2o/otto-home-goods-catalog-2025/main/images/Gala_Dark_Gray_39_x_p80_x737.jpg,Gala_Dark_Gray_39_x_p80_x737.jpg
GALA_DARK-GRAY_60_DOUBLE-BOWLS,Floating,Gala,Dark Gray,"60""",Double Bowls,24,60,19,Porcelain,,2550,,Integrated Porcelain Top and Sink | Engineered Wood Doors and Frame | Hidden Second Drawer | Soft Close Metal Drawers with German-Made Hettich Hardware,,Porcelain Top,,"30”, 39”, and 60”",19,,80,https://raw.githubusercontent.com/arzL2o/otto-home-goods-catalog-2025/main/images/Gala_Dark_Gray_60_Double_Bowls_p80_x739.jpg,Gala_Dark_Gray_60_Double_Bowls_p80_x739.jpg
GALA_WHITE_30,Floating,Gala,White,"30""",,24,30,19,Porcelain,,1400,,Integrated Porcelain Top and Sink | Engineered Wood Doors and Frame | Hidden Second Drawer | Soft Close Metal Drawers with German-Made Hettich Hardware,,Porcelain Top,,"30”, 39”, and 60”",19,,81,https://raw.githubusercontent.com/arzL2o/otto-home-goods-catalog-2025/main/images/Gala_White_30_x_p81_x744.jpg,Gala_White_30_x_p81_x744.jpg
GALA_WHITE_39,Floating,Gala,White,"39""",,24,39,19,Porcelain,,1700,,Integrated Porcelain Top and Sink | Engineered Wood Doors and Frame | Hidden Second Drawer | Soft Close Metal Drawers with German-Made Hettich Hardware,,Porcelain Top,,"30”, 39”, and 60”",19,,81,https://raw.githubusercontent.com/arzL2o/otto-home-goods-catalog-2025/main/images/Gala_White_39_x_p81_x746.jpg,Gala_White_39_x_p81_x746.jpg
GALA_WHITE_60_DOUBLE-BOWLS,Floating,Gala,White,"60""",Double Bowls,24,60,19,Porcelain,,2550,,Integrated Porcelain Top and Sink | Engineered Wood Doors and Frame | Hidden Second Drawer | Soft Close Metal Drawers with German-Made Hettich Hardware,,Porcelain Top,,"30”, 39”, and 60”",19,,81,https://raw.githubusercontent.com/arzL2o/otto-home-goods-catalog-2025/main/images/Gala_White_60_Double_Bowls_p81_x748.jpg,Gala_White_60_Double_Bowls_p81_x748.jpg
LUCA_WHITE_20,Floating,Luca,White,"20""",,24,20,10-1/2,Porcelain,,350,,Integrated Porcelain Top and Sink | Engineered Wood Door and Frame | Soft Close Door with German-Made Hettich Hardware,,Porcelain Top,,,,,83,https://raw.githubusercontent.com/arzL2o/otto-home-goods-catalog-2025/main/images/Luca_White_20_x_p83_x757.jpg,Luca_White_20_x_p83_x757.jpg
LUCA_DARK-GRAY_20,Floating,Luca,Dark Gray,"20""",,24,20,10-1/2,Porcelain,,350,,Integrated Porcelain Top and Sink | Engineered Wood Door and Frame | Soft Close Door with German-Made Hettich Hardware,,Porcelain Top,,,,,83,https://raw.githubusercontent.com/arzL2o/otto-home-goods-catalog-2025/main/images/Luca_Dark_Gray_20_x_p83_x759.jpg,Luca_Dark_Gray_20_x_p83_x759.jpg
LUCA_SAND_20,Floating,Luca,Sand,"20""",,24,20,10-1/2,Porcelain,,350,,Integrated Porcelain Top and Sink | Engineered Wood Door and Frame | Soft Close Door with German-Made Hettich Hardware,,Porcelain Top,,,,,83,https://raw.githubusercontent.com/arzL2o/otto-home-goods-catalog-2025/main/images/Luca_Sand_20_x_p83_x761.jpg,Luca_Sand_20_x_p83_x761.jpg
RECTANGULAR-ARCHED-MIRROR_BLACK_32,Mirror,Rectangular Arched Mirror,Black,"32""",,32,20,1-1/2,,,,240,,,,,,,,85,https://raw.githubusercontent.com/arzL2o/otto-home-goods-catalog-2025/main/images/Rectangular_Arched_Mirror_Black_32_x_p85_x775.jpg,Rectangular_Arched_Mirror_Black_32_x_p85_x775.jpg
RECTANGULAR-ARCHED-MIRROR_BLACK_32,Mirror,Rectangular Arched Mirror,Black,"32""",,32,24,1-1/2,,,,260,,,,,,,,85,https://raw.githubusercontent.com/arzL2o/otto-home-goods-catalog-2025/main/images/Rectangular_Arched_Mirror_Black_32_x_p85_x777.jpg,Rectangular_Arched_Mirror_Black_32_x_p85_x777.jpg
RECTANGULAR-MIRROR_BLACK_20,Mirror,Rectangular Mirror,Black,"20""",,32,20,1-1/2,,,,220,,,,,,,,86,https://raw.githubusercontent.com/arzL2o/otto-home-goods-catalog-2025/main/images/Rectangular_Mirror_Black_20_x_p86_x781.jpg,Rectangular_Mirror_Black_20_x_p86_x781.jpg
RECTANGULAR-MIRROR_WHITE_32,Mirror,Rectangular Mirror,White,"32""",,32,20,1-1/2,,,,220,,,,,,,,86,https://raw.githubusercontent.com/arzL2o/otto-home-goods-catalog-2025/main/images/Rectangular_Mirror_White_32_x_p86_x783.jpg,Rectangular_Mirror_White_32_x_p86_x783.jpg
RECTANGULAR-MIRROR_GOLD_32,Mirror,Rectangular Mirror,Gold,"32""",,32,20,1-1/2,,,,220,,,,,,,,86,https://raw.githubusercontent.com/arzL2o/otto-home-goods-catalog-2025/main/images/Rectangular_Mirror_Gold_32_x_p86_x785.jpg,Rectangular_Mirror_Gold_32_x_p86_x785.jpg
RECTANGULAR-MIRROR_BLACK_36,Mirror,Rectangular Mirror,Black,"36""",,30,36,1-1/2,,,,250,,,,,,,,87,https://raw.githubusercontent.com/arzL2o/otto-home-goods-catalog-2025/main/images/Rectangular_Mirror_Black_36_x_p87_x789.jpg,Rectangular_Mirror_Black_36_x_p87_x789.jpg
RECTANGULAR-MIRROR_WHITE_30,Mirror,Rectangular Mirror,White,"30""",,30,36,1-1/2,,,,250,,,,,,,,87,https://raw.githubusercontent.com/arzL2o/otto-home-goods-catalog-2025/main/images/Rectangular_Mirror_White_30_x_p87_x791.jpg,Rectangular_Mirror_White_30_x_p87_x791.jpg
RECTANGULAR-MIRROR_GOLD_30,Mirror,Rectangular Mirror,Gold,"30""",,30,36,1-1/2,,,,250,,,,,,,,87,https://raw.githubusercontent.com/arzL2o/otto-home-goods-catalog-2025/main/images/Rectangular_Mirror_Gold_30_x_p87_x793.jpg,Rectangular_Mirror_Gold_30_x_p87_x793.jpg
ROUND-MIRROR_BLACK_24,Mirror,Round Mirror,Black,"24""",,24,24,1-1/2,,,,220,,,,,,,,90,https://raw.githubusercontent.com/arzL2o/otto-home-goods-catalog-2025/main/images/Round_Mirror_Black_24_x_p90_x815.jpg,Round_Mirror_Black_24_x_p90_x815.jpg
ROUND-MIRROR_WHITE_24,Mirror,Round Mirror,White,"24""",,24,24,1-1/2,,,,220,,,,,,,,90,https://raw.githubusercontent.com/arzL2o/otto-home-goods-catalog-2025/main/images/Round_Mirror_White_24_x_p90_x817.jpg,Round_Mirror_White_24_x_p90_x817.jpg
ROUND-MIRROR_GOLD_24,Mirror,Round Mirror,Gold,"24""",,24,24,1-1/2,,,,220,,,,,,,,90,https://raw.githubusercontent.com/arzL2o/otto-home-goods-catalog-2025/main/images/Round_Mirror_Gold_24_x_p90_x819.jpg,Round_Mirror_Gold_24_x_p90_x819.jpg
ROUND-MIRROR_BLACK_30,Mirror,Round Mirror,Black,"30""",,30,30,1-1/2,,,,250,,,,,,,,91,https://raw.githubusercontent.com/arzL2o/otto-home-goods-catalog-2025/main/images/Round_Mirror_Black_30_x_p91_x823.jpg,Round_Mirror_Black_30_x_p91_x823.jpg
ROUND-MIRROR_WHITE_30,Mirror,Round Mirror,White,"30""",,30,30,1-1/2,,,,250,,,,,,,,91,https://raw.githubusercontent.com/arzL2o/otto-home-goods-catalog-2025/main/images/Round_Mirror_White_30_x_p91_x825.jpg,Round_Mirror_White_30_x_p91_x825.jpg
ROUND-MIRROR_GOLD_30,Mirror,Round Mirror,Gold,"30""",,30,30,1-1/2,,,,250,,,,,,,,91,https://raw.githubusercontent.com/arzL2o/otto-home-goods-catalog-2025/main/images/Round_Mirror_Gold_30_x_p91_x827.jpg,Round_Mirror_Gold_30_x_p91_x827.jpg
QUARTZ-TOP_PURE-WHITE_24,Tops,Quartz Top,Pure White,"24""",,,,,,,,330,,,,,,,,92,https://raw.githubusercontent.com/arzL2o/otto-home-goods-catalog-2025/main/images/Quartz_Top_Pure_White_24_x_p92_x833.jpg,Quartz_Top_Pure_White_24_x_p92_x833.jpg
QUARTZ-TOP_PURE-WHITE_30,Tops,Quartz Top,Pure White,"30""",,,,,,,,480,,,,,,,,92,https://raw.githubusercontent.com/arzL2o/otto-home-goods-catalog-2025/main/images/Quartz_Top_Pure_White_24_x_p92_x833.jpg,Quartz_Top_Pure_White_24_x_p92_x833.jpg
QUARTZ-TOP_PURE-WHITE_36,Tops,Quartz Top,Pure White,"36""",,,,,,,,530,,,,,,,,92,https://raw.githubusercontent.com/arzL2o/otto-home-goods-catalog-2025/main/images/Quartz_Top_Pure_White_24_x_p92_x833.jpg,Quartz_Top_Pure_White_24_x_p92_x833.jpg
QUARTZ-TOP_PURE-WHITE_42,Tops,Quartz Top,Pure White,"42""",,,,,,,,630,,,,,,,,92,https://raw.githubusercontent.com/arzL2o/otto-home-goods-catalog-2025/main/images/Quartz_Top_Pure_White_24_x_p92_x833.jpg,Quartz_Top_Pure_White_24_x_p92_x833.jpg
QUARTZ-TOP_PURE-WHITE_48,Tops,Quartz Top,Pure White,"48""",,,,,,,,730,,,,,,,,92,https://raw.githubusercontent.com/arzL2o/otto-home-goods-catalog-2025/main/images/Quartz_Top_Pure_White_24_x_p92_x833.jpg,Quartz_Top_Pure_White_24_x_p92_x833.jpg
QUARTZ-TOP_PURE-WHITE_60,Tops,Quartz Top,Pure White,"60""",,,,,,,,1010,,,,,,,,92,https://raw.githubusercontent.com/arzL2o/otto-home-goods-catalog-2025/main/images/Quartz_Top_Pure_White_24_x_p92_x833.jpg,Quartz_Top_Pure_White_24_x_p92_x833.jpg
QUARTZ-TOP_PURE-WHITE_72,Tops,Quartz Top,Pure White,"72""",,,,,,,,1100,,,,,,,,92,https://raw.githubusercontent.com/arzL2o/otto-home-goods-catalog-2025/main/images/Quartz_Top_Pure_White_24_x_p92_x833.jpg,Quartz_Top_Pure_White_24_x_p92_x833.jpg
QUARTZ-TOP_CASHMERE_24,Tops,Quartz Top,Cashmere,"24""",,,,,,,,330,,,,,,,,92,https://raw.githubusercontent.com/arzL2o/otto-home-goods-catalog-2025/main/images/Quartz_Top_Pure_White_24_x_p92_x833.jpg,Quartz_Top_Pure_White_24_x_p92_x833.jpg
QUARTZ-TOP_CASHMERE_30,Tops,Quartz Top,Cashmere,"30""",,,,,,,,480,,,,,,,,92,https://raw.githubusercontent.com/arzL2o/otto-home-goods-catalog-2025/main/images/Quartz_Top_Pure_White_24_x_p92_x833.jpg,Quartz_Top_Pure_White_24_x_p92_x833.jpg
QUARTZ-TOP_CASHMERE_36,Tops,Quartz Top,Cashmere,"36""",,,,,,,,530,,,,,,,,92,https://raw.githubusercontent.com/arzL2o/otto-home-goods-catalog-2025/main/images/Quartz_Top_Pure_White_24_x_p92_x833.jpg,Quartz_Top_Pure_White_24_x_p92_x833.jpg
QUARTZ-TOP_CASHMERE_42,Tops,Quartz Top,Cashmere,"42""",,,,,,,,630,,,,,,,,92,https://raw.githubusercontent.com/arzL2o/otto-home-goods-catalog-2025/main/images/Quartz_Top_Pure_White_24_x_p92_x833.jpg,Quartz_Top_Pure_White_24_x_p92_x833.jpg
QUARTZ-TOP_CASHMERE_48,Tops,Quartz Top,Cashmere,"48""",,,,,,,,730,,,,,,,,92,https://raw.githubusercontent.com/arzL2o/otto-home-goods-catalog-2025/main/images/Quartz_Top_Pure_White_24_x_p92_x833.jpg,Quartz_Top_Pure_White_24_x_p92_x833.jpg
QUARTZ-TOP_CASHMERE_60,Tops,Quartz Top,Cashmere,"60""",,,,,,,,1010,,,,,,,,92,https://raw.githubusercontent.com/arzL2o/otto-home-goods-catalog-2025/main/images/Quartz_Top_Pure_White_24_x_p92_x833.jpg,Quartz_Top_Pure_White_24_x_p92_x833.jpg
QUARTZ-TOP_CASHMERE_72,Tops,Quartz Top,Cashmere,"72""",,,,,,,,1100,,,,,,,,92,https://raw.githubusercontent.com/arzL2o/otto-home-goods-catalog-2025/main/images/Quartz_Top_Pure_White_24_x_p92_x833.jpg,Quartz_Top_Pure_White_24_x_p92_x833.jpg
UNDERMOUNT-PORCELAIN-SINK_WHITE_18-1-2-X-14,Sink,Undermount Porcelain Sink,White,"18-1/2"" x 14""",,,18.5,14,,,,120,,,,,,,"18-1/2"" x 14"" outside; 16-1/4"" x 12-1/4"" inside",93,https://raw.githubusercontent.com/arzL2o/otto-home-goods-catalog-2025/main/images/Undermount_Porcelain_Sink_White_18_1_2_x_14_x_p93_x841.jpg,Undermount_Porcelain_Sink_White_18_1_2_x_14_x_p93_x841.jpg
